/*
Navicat MySQL Data Transfer

Source Server         : fish
Source Server Version : 50726
Source Host           : 149.129.59.121:3306
Source Database       : fish

Target Server Type    : MYSQL
Target Server Version : 50726
File Encoding         : 65001

Date: 2021-02-09 17:40:09
*/

SET FOREIGN_KEY_CHECKS=0;

-- ----------------------------
-- Table structure for f_ad
-- ----------------------------
DROP TABLE IF EXISTS `f_ad`;
CREATE TABLE `f_ad` (
  `id` int(11) NOT NULL,
  `type` int(255) NOT NULL,
  `content` text NOT NULL,
  `title` varchar(255) NOT NULL,
  `user_id` int(11) NOT NULL,
  `ct` timestamp NULL DEFAULT NULL ON UPDATE CURRENT_TIMESTAMP,
  `sign` varchar(255) DEFAULT NULL,
  PRIMARY KEY (`id`)
) ENGINE=InnoDB DEFAULT CHARSET=utf8mb4;

-- ----------------------------
-- Records of f_ad
-- ----------------------------

-- ----------------------------
-- Table structure for f_article
-- ----------------------------
DROP TABLE IF EXISTS `f_article`;
CREATE TABLE `f_article` (
  `id` int(11) NOT NULL AUTO_INCREMENT,
  `title` varchar(255) NOT NULL,
  `content` longtext NOT NULL,
  `ct` timestamp NULL DEFAULT NULL ON UPDATE CURRENT_TIMESTAMP,
  `user_id` int(11) NOT NULL,
  `sign` varchar(255) NOT NULL DEFAULT '',
  `category_id` int(11) NOT NULL,
  `goods_count` varchar(255) DEFAULT NULL,
  `comments_count` varchar(255) DEFAULT NULL,
  `collections_count` varchar(255) DEFAULT NULL,
  `looks_count` varchar(255) DEFAULT NULL,
  `img_url` varchar(255) DEFAULT NULL,
  `type` varchar(255) DEFAULT NULL,
  PRIMARY KEY (`id`)
) ENGINE=InnoDB AUTO_INCREMENT=33 DEFAULT CHARSET=utf8mb4;

-- ----------------------------
-- Records of f_article
-- ----------------------------
INSERT INTO `f_article` VALUES ('3', '人生第一场真正意义上的钓鱼比赛', '<p class=\"ql-align-justify\">	时间：2021-01-01 21:17</p><p class=\"ql-align-justify\">	天气：晴天 -7℃-3℃</p><p class=\"ql-align-justify\">	钓场：开化瑶元垂钓基地（）</p><p class=\"ql-align-justify\">	饵料：<a href=\"http://www.diaoyur.com/baike/17891.html\" rel=\"noopener noreferrer\" target=\"_blank\" style=\"color: rgb(0, 153, 0); background-color: transparent;\">刘志强</a>饵料公饵</p><p class=\"ql-align-justify\">	线组：0.6+0.6</p><p class=\"ql-align-justify\">	钩型：5号金秀</p><p class=\"ql-align-justify\"><br></p><p class=\"ql-align-justify\">	<strong>人生第一场真正意义上的钓鱼比赛</strong></p><p class=\"ql-align-justify\"><strong><span class=\"ql-cursor\">﻿</span></strong><img width=100%px height=100%px src=\"http://127.0.0.1:8888/public/images/1612494331067.jpeg\"></p><p class=\"ql-align-justify\"><br></p><p class=\"ql-align-justify\">	跟着快乐垂钓很多年了，其实有一年去横店的时候也有过一场趣味赛，只是那场比赛一直是我心中永远的痛，三个人轮流上场钓鱼，我愣是一条有效鱼没钓到，为啥说是有效鱼呢？因为我拉了两餐条上来的，那天天气寒冷，心更冷呀。第一次这么多人的比赛，我竟然连一条有效鱼都没有钓到，这个让我这些年一直都耿耿于怀。今年有幸再次参加快乐垂钓的年会，并且接到通知，今年有一场独立完成的比赛，我得给自己找回一点颜面呀，目标钓上一尾鱼。</p><p class=\"ql-align-justify\"><br></p><p>	<span style=\"color: rgb(51, 51, 51);\">为了这场比赛我可是用了点脑子的，看天气预报是第一轮强降温，线组不用准备太大，基本都用小线组就行。三个比赛用池，一个小鲫鱼，一个中鲫鱼，一个大混养，抽到哪个就钓哪个，反正都是用尾数来计算的。就用这样的鱼情和池子准备线组，我大线做了三幅，0.6 ，0.8 ，1.2这样来应对三个鱼池，</span>	<a href=\"http://www.diaoyur.com/baike/17664.html\" rel=\"noopener noreferrer\" target=\"_blank\" style=\"color: rgb(0, 153, 0); background-color: transparent;\">子线</a>	<span style=\"color: rgb(51, 51, 51);\">绑了四种吧，3号白秀0.4</span>	<a href=\"http://www.diaoyur.com/baike/17664.html\" rel=\"noopener noreferrer\" target=\"_blank\" style=\"color: rgb(0, 153, 0); background-color: transparent;\">子线</a>	<span style=\"color: rgb(51, 51, 51);\">，4号白秀0.6子线，5号金秀0.6子线，6号金秀0.8子线，全部统一60厘米对折。浮漂想了又想选了吃铅量小的</span>	<a href=\"http://www.diaoyur.com/baike/18329.html\" rel=\"noopener noreferrer\" target=\"_blank\" style=\"color: rgb(0, 153, 0); background-color: transparent;\">芦苇漂</a>	<span style=\"color: rgb(51, 51, 51);\">，天寒地冻的必须要看到信号呀，主要的准备就这些，写出来大家看看思路，我不玩竞技，子线最小的也就0.4了，嘿嘿</span></p><p><br></p><p>	<span style=\"color: rgb(51, 51, 51);\">比赛福利很不错，处处透露着快乐垂钓感谢工作站和上鱼APP 创作者的一颗红心，钓箱，鱼竿，都是主办方提供的，钓完带走。一开始收了99报名费意思一下，最后大部分还是以红包的方式返还给我们每个人了，这个绝对的大气呀。当然这里要感谢巧渔夫，狼王，雷臣的赞助，让我们用最小的准备去参加一场趣味十足的比赛。因为疫情200个名额还有不少多余的，都以福利的方式给当地</span>	<a href=\"http://www.diaoyur.com/baike/17384.html\" rel=\"noopener noreferrer\" target=\"_blank\" style=\"color: rgb(0, 153, 0); background-color: transparent;\">钓友</a>	<span style=\"color: rgb(51, 51, 51);\">报名参加了，享受同样的待遇。</span></p><p><br></p><p>	<span style=\"color: rgb(51, 51, 51);\">比赛真的挺过瘾的，因为气温零下，沾水的抄网放水泥地上马上就能黏在一起的感觉，所以我根本没敢用大线，尽管我抽签位是大混养的中间位置，我还是选择了0.6+0.4的组合，这个选择也导致了我后面的提心吊胆，本来以为天冷鱼</span>	<a href=\"http://www.diaoyur.com/baike/20105.html\" rel=\"noopener noreferrer\" target=\"_blank\" style=\"color: rgb(0, 153, 0); background-color: transparent;\">口轻</a>	<span style=\"color: rgb(51, 51, 51);\">，活性不足，0.4应该问题不大，但是比赛一开始，三杆之后中鱼秒切我就知道我选错了，我只能更换子线，但是绝不能换大线了，浪费太多时间，所以后面的比赛我基本都是0.6+0.6这样的线组硬抗下来的，真的很庆幸0.6的</span>	<a href=\"http://www.diaoyur.com/baike/17811.html\" rel=\"noopener noreferrer\" target=\"_blank\" style=\"color: rgb(0, 153, 0); background-color: transparent;\">主线</a>	<span style=\"color: rgb(51, 51, 51);\">竟然一直坚持到最后，真是很不容易。看来我准备的</span>	<a href=\"http://www.diaoyur.com/baike/17811.html\" rel=\"noopener noreferrer\" target=\"_blank\" style=\"color: rgb(0, 153, 0); background-color: transparent;\">主线</a>	<span style=\"color: rgb(51, 51, 51);\">还都是精益求精的呀，自我膨胀一下。</span></p>', '2021-02-09 12:10:29', '1', '比赛', '4', null, null, null, '20', 'http://127.0.0.1:8888/public/images/1612494341206.jpeg', '文章');
INSERT INTO `f_article` VALUES ('5', '11', 'http://127.0.0.1:8888/public/videos/1612498444498.mp4', '2021-02-05 12:14:07', '1', '渔具', '3', null, null, null, null, 'http://127.0.0.1:8888/public/images/1612498197304.jpeg', '视频');
INSERT INTO `f_article` VALUES ('7', '暴躁的鱼情，两小时爆桶爆盆', 'http://127.0.0.1:8888/public/videos/1612499134374.mp4', '2021-02-05 12:25:31', '1', '海钓', '2', '', '', '', '', 'http://127.0.0.1:8888/public/images/1612499040534.jpeg', '视频');
INSERT INTO `f_article` VALUES ('8', '为何你的竿稍经常断？主因只有三个，稍微注意就不会', '<p class=\"ql-align-justify\">	讲实话，<a href=\"http://www.diaoyur.com/\" rel=\"noopener noreferrer\" target=\"_blank\" style=\"color: rgb(0, 153, 0); background-color: transparent;\">钓鱼人</a>每年都要断几次竿稍，断竿稍的途径可以说花样繁多，有个共同点就是：真的只有极少是因为溜鱼而断的。很多<a href=\"http://www.diaoyur.com/baike/17384.html\" rel=\"noopener noreferrer\" target=\"_blank\" style=\"color: rgb(0, 153, 0); background-color: transparent;\">钓友</a>担心大鱼把鱼竿拉断，但最终鱼没有拉断而是自己整断了。</p><p class=\"ql-align-justify\">	<img width=100%px height=100%px src=\"http://127.0.0.1:8888/public/images/1612662274129.jpeg\"></p><p class=\"ql-align-justify\">	旋转竿稍容易脱落</p><p class=\"ql-align-justify\">	所以很多卖鱼竿的商家免费配节的要求就是：<strong>被鱼拉断的，如果你是不小心弄断的不会给你配节，</strong>个中区别其实很容易区分，懂行的一看就知道你是不是被鱼拉断的。这个有个小技巧给大家，拍照的时候不要拍竿稍进来，直接说被鱼拉走了，只拍剩下的部分。当然也有不管怎么断的都配节的，给某鼎点个赞，29块钱搞活动买了一根4.5的杆子用了五年免费配节了3次，钓了数百斤鱼了现在还在用（经常看视频的<a href=\"http://www.diaoyur.com/baike/17384.html\" rel=\"noopener noreferrer\" target=\"_blank\" style=\"color: rgb(0, 153, 0); background-color: transparent;\">钓友</a>应该可以看到我用这根竿）。</p><p class=\"ql-align-justify\">	</p><p class=\"ql-align-justify\">	鱼竿的垂直拉力很小</p><p class=\"ql-align-justify\">	蓑笠哥钓了这么多年鱼，只有一次溜鱼（叉尾鮰）的时候竿稍断了，但是我感觉那次是因为受伤了。今年就断过一次鲫鱼竿的竿稍，但是是在<a href=\"http://www.diaoyur.com/baike/17796.html\" rel=\"noopener noreferrer\" target=\"_blank\" style=\"color: rgb(0, 153, 0); background-color: transparent;\">线组</a>上树之后真的只是轻轻一碰就断了，之前拉十来斤的鱼都没有断，这轻轻一碰的力道最多三两。</p><p class=\"ql-align-justify\">	</p><p class=\"ql-align-justify\">	这条鱼断了竿稍</p><p class=\"ql-align-justify\">	今天蓑笠哥（资深断竿稍者）结合自己的经验和这些年自己和身边钓友断竿稍的情况来讲讲如何防止断竿稍。前些年一年要配五六根竿稍，这两年才配了一根竿稍，而且因为没有看到马虎大意的问题。</p><p class=\"ql-align-justify\">	<strong>不</strong><a href=\"http://www.diaoyur.com/baike/19848.html\" rel=\"noopener noreferrer\" target=\"_blank\" style=\"color: rgb(0, 153, 0); background-color: transparent;\"><strong>抛满竿</strong></a><strong>容易断竿稍</strong></p><p class=\"ql-align-justify\">	倒不是因为不<a href=\"http://www.diaoyur.com/baike/19848.html\" rel=\"noopener noreferrer\" target=\"_blank\" style=\"color: rgb(0, 153, 0); background-color: transparent;\">抛满竿</a>本身会导致断杆，只不过没有抛满竿竿稍绳附近的<a href=\"http://www.diaoyur.com/baike/18048.html\" rel=\"noopener noreferrer\" target=\"_blank\" style=\"color: rgb(0, 153, 0); background-color: transparent;\">鱼线</a>很容和竿稍缠绕到一起，这样你一旦用力抽竿的时候用力的<a href=\"http://www.diaoyur.com/baike/18048.html\" rel=\"noopener noreferrer\" target=\"_blank\" style=\"color: rgb(0, 153, 0); background-color: transparent;\">鱼线</a>可能在竿稍后面十来公分的地方。不中鱼还好，一旦中鱼很容易从受力点就断了。</p><p class=\"ql-align-justify\">	所以我们在竿稍缠绕的时候一定要解开之后再抛投，拉着线甩几下不会有问题，实在不行就收起来解开之后再抛投，这样会降低断竿稍的概率。</p><p class=\"ql-align-justify\">	</p><p class=\"ql-align-justify\">	尽量抛满竿钓鱼</p><p class=\"ql-align-justify\">	<a href=\"http://www.diaoyur.com/baike/17929.html\" rel=\"noopener noreferrer\" target=\"_blank\" style=\"color: rgb(0, 153, 0); background-color: transparent;\"><strong>挂底</strong></a><strong>后拔河容易断竿稍</strong></p><p class=\"ql-align-justify\">	拔河本身不会导致断竿稍，因为竿稍纵向拉力特别的大，只不过有可能直接把结抽出来，事实上这样的情况现在极少发生，只要你的竿子超过80块钱一根就不会，如果有那就是厂家太坑了。</p><p class=\"ql-align-justify\">	拔河的时候你要把杆子收起来拔，要不然横向受力你拿住杆子前面一两节拔河很容易断的，就算拔的时候没有断线断了之后你会控制不了后退这样就断了。正确的操作是把杆子收起来留最后一节拔河，如果条件允许最好是把<a href=\"http://www.diaoyur.com/baike/17811.html\" rel=\"noopener noreferrer\" target=\"_blank\" style=\"color: rgb(0, 153, 0); background-color: transparent;\">主线</a>解下来杆子收好放到旁边再拿<a href=\"http://www.diaoyur.com/baike/17811.html\" rel=\"noopener noreferrer\" target=\"_blank\" style=\"color: rgb(0, 153, 0); background-color: transparent;\">主线</a>拔。</p><p class=\"ql-align-justify\">	拔河之后竿稍可能会卡节弄不回去了，这个时候你要把卡节的那两节拿出来，在地上铺一块毛巾（不要铺在水泥地板上面，木板可以），然后拿住头头举过头顶使劲往毛巾上怼，最后要丢出去，往复几次卡节就松了。</p><p class=\"ql-align-justify\">	<img width=100%px height=100%px src=\"http://127.0.0.1:8888/public/images/1612662285038.jpeg\"></p><p class=\"ql-align-justify\">	<a href=\"http://www.diaoyur.com/baike/17929.html\" rel=\"noopener noreferrer\" target=\"_blank\" style=\"color: rgb(0, 153, 0); background-color: transparent;\">挂底</a>后要直拔</p><p class=\"ql-align-justify\">	<strong>上树后容易断竿稍</strong></p><p class=\"ql-align-justify\">	上树之后其实和挂底拔河是一样的，往往你狂拔的时候竿稍不会断，但是后面一个不小心的动作竿稍就断了。解决方法其实和挂底时候一样，解开竿稍主线，把杆子收好之后再拔。如果够不到就用一根棍子上面绑一根香烟去烫断了算了，至于浮漂可以从新弄一副主线后用竿稍和主线夹住拉下了。</p><p class=\"ql-align-justify\">	值得留意的是：<strong>上树拔</strong><a href=\"http://www.diaoyur.com/baike/17796.html\" rel=\"noopener noreferrer\" target=\"_blank\" style=\"color: rgb(0, 153, 0); background-color: transparent;\"><strong>线组</strong></a><strong>的时候你千万不要光着手拔，</strong>最好包着毛巾然后背对着拔。要不然脱掉之后那个<a href=\"http://www.diaoyur.com/baike/18200.html\" rel=\"noopener noreferrer\" target=\"_blank\" style=\"color: rgb(0, 153, 0); background-color: transparent;\">铅坠</a>很容易打到手，别问我怎么知道的，打到的那一刻我眼泪都流出来了，过了两个多月才好。</p><p class=\"ql-align-justify\">	</p><p class=\"ql-align-justify\">	上树挂草都容易断竿稍</p><p class=\"ql-align-justify\">	<strong>垂直溜鱼容易断竿稍</strong></p><p class=\"ql-align-justify\">	我们溜鱼的时候最为脆弱的就是垂直拉力，就是竿子垂直立起来我们用线向下面拉。这并不代表杆子差，因为杆子溜鱼主要是靠腰力，所以我们应该尽量避免用垂直拉力溜鱼，就算是<a href=\"http://www.diaoyur.com/baike/17954.html\" rel=\"noopener noreferrer\" target=\"_blank\" style=\"color: rgb(0, 153, 0); background-color: transparent;\">抄鱼</a>的时候尽量让杆子后仰一点点，而且快速<a href=\"http://www.diaoyur.com/baike/17954.html\" rel=\"noopener noreferrer\" target=\"_blank\" style=\"color: rgb(0, 153, 0); background-color: transparent;\">抄鱼</a>，如果没有抄到它发力跑了，进快调整杆子的角度不要垂直受力，要不然它一旦发力爆竿稍只需要一秒。</p><p class=\"ql-align-justify\">	<img width=100%px height=100%px src=\"http://127.0.0.1:8888/public/images/1612662291658.jpeg\"></p><p class=\"ql-align-justify\">	用满弓拉力而不是垂直拉力</p><p class=\"ql-align-justify\">	<strong>竿堵不应该夹着竿稍绳</strong></p><p class=\"ql-align-justify\">	因为这个问题断竿稍的情况及少，蓑笠哥钓了二十多年于还只有发生过一次。可能因为竿稍绳被竿堵夹住，这竿稍和最外面那层竿壁就会形成一个夹角，然后其他竿壁在运动过程中会向前冲过来，往复几次竿稍就有可能会断，竿稍被固定离竿壁越近越容易断。</p><p class=\"ql-align-justify\">	</p><p class=\"ql-align-justify\">	竿堵不要夹着竿稍绳</p><p class=\"ql-align-justify\">	<strong>旋转竿稍改成普通竿稍绳</strong></p><p class=\"ql-align-justify\">	不论是多大品牌，旋转竿稍都有一定的概率自己脱落，尤其是使用一段时间后里面会进水锈蚀。所以买竿回家确定要使用之后直接用尖嘴钳把前面一点夹掉（前面旋转的地方后面留点金属）然后套一个竿稍绳进去，用AB胶水就很好，或者是502。这一点只是建议，因为很多<a href=\"http://www.diaoyur.com/\" rel=\"noopener noreferrer\" target=\"_blank\" style=\"color: rgb(0, 153, 0); background-color: transparent;\">钓鱼人</a>喜欢旋转竿稍，我个人不喜欢，旋转没有什么作用不说钓到大鱼经常被拉脱。</p><p><br></p>', '2021-02-09 17:19:43', '1', '鱼竿', '3', '', '', '', '6', 'http://127.0.0.1:8888/public/images/1612662231306.jpeg', '文章');
INSERT INTO `f_article` VALUES ('9', '鱼竿免费配节真划算？老钓手提醒：别高兴太早', '<p class=\"ql-align-justify\">	<img width=100%px height=100%px src=\"http://127.0.0.1:8888/public/images/1612662457790.jpeg\"></p><p class=\"ql-align-justify\">	不知道从什么时候开始，很多<a href=\"http://www.diaoyur.com/baike/17384.html\" rel=\"noopener noreferrer\" target=\"_blank\" style=\"color: rgb(0, 153, 0); background-color: transparent;\">钓友</a>在买鱼竿时不再把注意力放在价格和质量上，而是越来越看重“免费配节”这个服务，我在写鱼竿选择这类文章时，甚至见到过有人评论：我现在只买终身免费配节的鱼竿，钓着放心。</p><p class=\"ql-align-justify\">	看到这样的，我想说一句：你放心了，商家也就放心了。</p><p class=\"ql-align-justify\">	不针对所有商家，只是在我的印象里，大牌商家很少有终身免费配节这个服务，小厂家尤其是一些叫不出名的商家才有。因为没有仔细统计过，所以应该换个严谨点的说法：终身免费配节这项服务，小众品牌要更多一些。</p><p class=\"ql-align-justify\">	<a href=\"http://www.diaoyur.com/baike/17384.html\" rel=\"noopener noreferrer\" target=\"_blank\" style=\"color: rgb(0, 153, 0); background-color: transparent;\">钓友</a>可能有话说了：大牌名气大了，自然会降低服务质量，那些没有名气的小众品牌，才会踏踏实实地做产品，为钓友提供方便。</p><p class=\"ql-align-justify\">	说句不好听的，有这种想法的人，很有可能是被人卖了还替人家数钱！</p><p class=\"ql-align-justify\">	<img width=100%px height=100%px src=\"http://127.0.0.1:8888/public/images/1612662413856.jpeg\"></p><h2 class=\"ql-align-justify\">	为什么我不在乎“终身免费配节”这项服务，甚至还要吐槽？</h2><p class=\"ql-align-justify\">	大家不懂商家玩的套路没关系，只要记住一句话“羊毛出在羊身上，亏本的生意商家永远不会做”，商人做的是生意，不是做慈善，如果卖产品、做服务要长时间亏损那是不可能的，如果有那基本也只有倒闭这一个下场。</p><p class=\"ql-align-justify\">	大牌渔具我以前也吐过槽，比如找大师代言这个事，我也说过羊毛出在羊身上，那些代言打广告的费用，终究还是要咱们消费者买单的。</p><p class=\"ql-align-justify\">	免费配节也是同样的道理，比如他们只要把卖价提高，配节费提早就给你收了就行。</p><p class=\"ql-align-justify\">	有钓友可能就会想，我在拼夕夕上买一根鱼竿才几十块钱，他提前收我配节费又如何呢？</p><p class=\"ql-align-justify\">	这个也很简单，廉价的鱼竿成本肯定低，一节的成本可能就几块钱，什么时候你的杆子断了想配节，人家会和你说配节免费只要付个10元的快递费就行。一节鱼竿成本几块钱，运费用的话商家肯定和快递公司有合作，也只要几块钱，收你10块弄不好他们还有的赚，反正至少也不会亏。</p><p class=\"ql-align-justify\">	</p><h2 class=\"ql-align-justify\">	终身免费配节到底是个什么套路？</h2><p class=\"ql-align-justify\">	其实仔细想想也不难发现，商家总是以卖货赚钱为目的，他们推出所有的活动、服务一定逃不掉以下几个目的：1、打开市场吸引流量；2、同行竞争增加销量；3、满足客户需求促成交易。当然了，话不能说死，有些好的商家确实也会做一些活动回馈自己的粉丝。</p><p class=\"ql-align-justify\">	终身免费配节这个服务，我觉得是满足了很大一批钓友的需求，甚至有很多人是直接冲着这个服务才下的单，就算是相对比较理性的人，在面对两款价格、参数、名气都差不多的鱼竿时，肯定也会偏向有免费配节的那一个。</p><p class=\"ql-align-justify\">	对于咱们广大钓友来说，终生免费配节这项服务的确是一份重大的保障，消除了自己的后顾之忧，再也不怕因为操作失误或者自己的粗心大意而导致鱼竿发生断裂的事了。</p><p class=\"ql-align-justify\">	但我说句实话，太关心配节的人，大多数都是新手（说全是新手不够严谨，还容易被喷），因为新手有两个通病：1、喜欢<a href=\"http://www.diaoyur.com/v/diaodayu.html\" rel=\"noopener noreferrer\" target=\"_blank\" style=\"color: rgb(0, 153, 0); background-color: transparent;\">钓大鱼</a>，总是很关心自己的鱼竿能承受多大的拉力，进渔具店买鱼竿问的第一句话就是这个竿能钓多大的鱼；2、喜欢用粗线，从不关注自己的鱼竿能使用多大的<a href=\"http://www.diaoyur.com/baike/17796.html\" rel=\"noopener noreferrer\" target=\"_blank\" style=\"color: rgb(0, 153, 0); background-color: transparent;\">线组</a>，一个劲地用粗线，发生断杆又说是质量有问题。</p><p class=\"ql-align-justify\">	有些人可能知道自己技术差，所以特别怕爆竿，于是买之前就很关注配节问题，这时商家将计就计给你来一个“终身免费配节”的定心丸，你就妥妥安心了。</p><p class=\"ql-align-justify\">	</p><h2 class=\"ql-align-justify\">	终身免费配节真的实用吗？</h2><p class=\"ql-align-justify\">	前面已经说了，商家不做亏本生意，说是免费配节但有可能提前就把配节的成本增加到售价中了，或者是在你日后的配节中把成本放到运费上。</p><p class=\"ql-align-justify\">	就算撇开这两点不谈，我们再来算一笔帐吧，一根鱼竿能用多久？半年、一年？还是三年五年？如果你出钓率不高，那当然能用很长时间，但同时也意味着鱼竿的损耗小、断杆几率小，可能几年都不断一次竿；如果出钓率很高，你的鱼竿恐怕用不了太久，不是鱼竿被用坏了，而是你自己就把它淘汰掉了。</p><p class=\"ql-align-justify\">	我身边很多朋友，刚学钓鱼追求极致性价比，认为渔具能用就行、不需要太贵，买的都是几块钱的浮漂、二三十的鱼竿，但一两个月后，彻彻底底迷上钓鱼了，老的装备全丢一边，整天买买买，变成了别人口中的“无可救药”。</p><p class=\"ql-align-justify\">	<img width=100%px height=100%px src=\"http://127.0.0.1:8888/public/images/1612662424287.jpeg\"></p><p class=\"ql-align-justify\">	还有一个非常有趣的事，可能很多朋友根本没有想到，如果说你的鱼竿总是断，一个月断两三次，而且经常在钓到大鱼时断链子，此时你会怎么办？你还会一个劲地去配节？野钓遇到个大鱼不容易，如果三番五次害你<a href=\"http://www.diaoyur.com/a/tuogoupaoyu.html\" rel=\"noopener noreferrer\" target=\"_blank\" style=\"color: rgb(0, 153, 0); background-color: transparent;\">跑鱼</a>，你一定觉得这个竿质量存在严重问题，别说免费配节了，就算这个品牌再送你一支，也不见得敢用吧。</p><p class=\"ql-align-justify\">	我一个小兄弟，刚开始也挺在意配节这个事，他在选鱼竿的时候我就提醒过他，质量才是第一位，如果质量不行，你配那么多次节干啥。当时他没听我的，执意选了个杂牌，就是那种“轻如鸿毛、但狂拉一百斤不断”的鱼竿，买来后的第一个月就配了三次节，一次是踩断的，两次是<a href=\"http://www.diaoyur.com/v/diaodayu.html\" rel=\"noopener noreferrer\" target=\"_blank\" style=\"color: rgb(0, 153, 0); background-color: transparent;\">钓大鱼</a>时断的。第二个月又断了，而且断的还是大把，但这次他死活不愿再去配节，还发誓永远不再买这个品牌的鱼竿。</p><p class=\"ql-align-justify\">	</p><p><br></p>', '2021-02-08 17:23:03', '1', '鱼竿', '23', '', '', '', '', 'http://127.0.0.1:8888/public/images/1612662291658.jpeg', '文章');
INSERT INTO `f_article` VALUES ('10', '出发去海钓，北京向东200多公里，全面解读京唐港海钓攻略', '<p class=\"ql-align-justify\">	北京因为是内陆城市，在很多<a href=\"http://www.diaoyur.com/baike/17384.html\" rel=\"noopener noreferrer\" target=\"_blank\" style=\"color: rgb(0, 153, 0); background-color: transparent;\">钓友</a>眼里，只能进行淡水垂钓。其实驱车向东200公里左右，有多个渤海湾港口可以海钓，最为有名的分别是曹妃甸、黄骅、京唐港。从渔获的角度来说，曹妃甸是首选，从性价比和钓法多样的角度看，京唐港是最理想的。我在北京居住的时候，每年都要去7、8次京唐港体验海钓，和淡水钓相比更刺激，如果您也想体验海钓的乐趣，那么请跟随我一探距离北京最近的海钓港口——京唐港。</p><p class=\"ql-align-justify\">	<img width=100%px height=100%px src=\"http://127.0.0.1:8888/public/images/1612662624505.jpeg\"></p><p class=\"ql-align-justify\">	<strong>重要内容提要：</strong></p><p class=\"ql-align-justify\">	京唐港简介</p><p class=\"ql-align-justify\">	如何选择性价比高的海钓方式</p><p class=\"ql-align-justify\">	和钓鱼相关的吃住行攻略</p><p class=\"ql-align-justify\">	京唐港是唐山港下属港口。位于唐山市东南80公里处的唐山海港开发区境内，渤海湾北岸，陆上距北京市230公里。因为北京面积相当大，所以从不同的辖区到京唐港的距离有较大出入，我居住的房山区到达港口中心点是330公里。</p><p class=\"ql-align-justify\">	作为港口城市，京唐港实际居住人口并不多，除了面积不大的城区外，其他区域多数荒无人烟，作为<a href=\"http://www.diaoyur.com/\" rel=\"noopener noreferrer\" target=\"_blank\" style=\"color: rgb(0, 153, 0); background-color: transparent;\">钓鱼人</a>来说，在这里可以选择多种不同的钓法。无论是台钓、串钩远投、<a href=\"http://www.diaoyur.com/baike/18153.html\" rel=\"noopener noreferrer\" target=\"_blank\" style=\"color: rgb(0, 153, 0); background-color: transparent;\">浮游矶钓</a>还是路亚、船钓都可以找到合适的场所，只是最近几年近海鱼类资源枯竭，渔获很不稳定。</p><p class=\"ql-align-justify\">	</p><h2 class=\"ql-align-justify\">	如何选择性价比高的海钓方式</h2><p class=\"ql-align-justify\">	既然需要驱车2、300公里，台钓的方式首先可以放弃了，没必要到这么远的地方来钓，性价比最高的两种方式是串钩远投和船钓，路亚和<a href=\"http://www.diaoyur.com/baike/18153.html\" rel=\"noopener noreferrer\" target=\"_blank\" style=\"color: rgb(0, 153, 0); background-color: transparent;\">浮游矶钓</a>需要专门的装备，对于很多习惯淡水钓的朋友来说，还需要掌握一些技巧，因此如果特别很有兴趣，否则还是以串钩钓和船钓为主。</p><p class=\"ql-align-justify\">	<strong>串钩钓应用最广</strong></p><p class=\"ql-align-justify\">	无论海况如何，串钩钓都可以施展，哪怕即使海面波浪滔天，也可以选择入海口的位置，这里同样聚集了许多“两水鱼”，除了常见的鲫鱼外，楞吧在这里的数量也很多。防波堤、码头是最好的选择，另外一个非常好的钓点，就是港口卸装桥那里，可惜没有手段的话很难进<a href=\"http://www.diaoyur.com/v/qudiaoyu.html\" rel=\"noopener noreferrer\" target=\"_blank\" style=\"color: rgb(0, 153, 0); background-color: transparent;\">去钓鱼</a>。</p><p class=\"ql-align-justify\">	饵料：渔具店买<a href=\"http://www.diaoyur.com/baike/17365.html\" rel=\"noopener noreferrer\" target=\"_blank\" style=\"color: rgb(0, 153, 0); background-color: transparent;\">沙蚕</a>、海肠子、虾仁都可以，或者早起的时候到市场买小虾小鱼，当地有一种叫“油光”（音译）的小鱼效果不错。最好带几个<a href=\"http://www.diaoyur.com/baike/17632.html\" rel=\"noopener noreferrer\" target=\"_blank\" style=\"color: rgb(0, 153, 0); background-color: transparent;\">螃蟹</a>笼子，钓到楞吧后剪成几个肉条挂在里面，当地的<a href=\"http://www.diaoyur.com/baike/17632.html\" rel=\"noopener noreferrer\" target=\"_blank\" style=\"color: rgb(0, 153, 0); background-color: transparent;\">螃蟹</a>虽然个头不大，但味道鲜美。<strong>到祥云湾码头附近，钓点随处都是</strong>，运气好还可以钓到捣蛋鬼（河豚）和皮皮虾。</p><p class=\"ql-align-justify\">	<img width=100%px height=100%px src=\"http://127.0.0.1:8888/public/images/1612662629432.jpeg\"></p><p class=\"ql-align-justify\">	<strong>船钓最过瘾</strong></p><p class=\"ql-align-justify\">	要说京唐港最有可能<a href=\"http://www.diaoyur.com/baike/18392.html\" rel=\"noopener noreferrer\" target=\"_blank\" style=\"color: rgb(0, 153, 0); background-color: transparent;\">爆箱</a>的钓法就是船钓了，对于不经常接触船钓的<a href=\"http://www.diaoyur.com/baike/17384.html\" rel=\"noopener noreferrer\" target=\"_blank\" style=\"color: rgb(0, 153, 0); background-color: transparent;\">钓友</a>来说，初到京唐港一定要到渔具店里询问一下，几个人拼船的话费用并不高，当然如果同去的朋友多，4、5个人单独包一条船也是可以的，2017年的包船价格是6-700一天（防波堤附近几海里的范围），如果想去井架或者私密钓点，需要自行协商价格。建议刚接触船钓的朋友最好选择防波堤附近，风浪较小，找到靠谱的船老大的话，钓个几斤鱼还是没问题的，我最多的时候一天钓了60多斤黑头，过足了瘾。</p><p class=\"ql-align-justify\">	船钓装备：近海防波堤船钓的话，使用普通船竿即可，2.1-2.4米的长度，渔轮最好选择专用船轮，100多的工程塑料船轮就可以满足，如果有现成的<a href=\"http://www.diaoyur.com/baike/17705.html\" rel=\"noopener noreferrer\" target=\"_blank\" style=\"color: rgb(0, 153, 0); background-color: transparent;\">纺车轮</a>也可以使用，只是在放线的时候不如船轮方便罢了。对象鱼多以2两-半斤的黑头为主，因此<a href=\"http://www.diaoyur.com/baike/18048.html\" rel=\"noopener noreferrer\" target=\"_blank\" style=\"color: rgb(0, 153, 0); background-color: transparent;\">鱼线</a>使用2号PE线就足以应付。</p><p class=\"ql-align-justify\">	</p><p class=\"ql-align-justify\">	<a href=\"http://www.diaoyur.com/baike/17796.html\" rel=\"noopener noreferrer\" target=\"_blank\" style=\"color: rgb(0, 153, 0); background-color: transparent;\">线组</a>到当地渔具店购买现成的即可，一般需要准备5-10套天平<a href=\"http://www.diaoyur.com/baike/17796.html\" rel=\"noopener noreferrer\" target=\"_blank\" style=\"color: rgb(0, 153, 0); background-color: transparent;\">线组</a>，5块钱一桶的<a href=\"http://www.diaoyur.com/baike/18042.html\" rel=\"noopener noreferrer\" target=\"_blank\" style=\"color: rgb(0, 153, 0); background-color: transparent;\">鱼钩</a>买两桶，<a href=\"http://www.diaoyur.com/baike/18200.html\" rel=\"noopener noreferrer\" target=\"_blank\" style=\"color: rgb(0, 153, 0); background-color: transparent;\">铅坠</a>100-150克重量的准备10个以上。新手特别爱挂底，所以<a href=\"http://www.diaoyur.com/baike/18200.html\" rel=\"noopener noreferrer\" target=\"_blank\" style=\"color: rgb(0, 153, 0); background-color: transparent;\">铅坠</a>和线组是随时最大的，如果经常船钓，每次3、4个铅坠就足够了。</p><p class=\"ql-align-justify\">	</p><p class=\"ql-align-justify\">	钓点：一切听船老大的，找几个好标点，<strong>东堤灯塔、西堤都可以，</strong>船到位后集体下杆即可。尽量让铅坠轻轻触在石头上，手里绷住劲，随着浪一上一下的在石头上“磕”，黑头咬钩的手感很猛烈，可以明显感觉到咬钩，正常摇轮即可。建议准备一支ML调的<a href=\"http://www.diaoyur.com/baike/18318.html\" rel=\"noopener noreferrer\" target=\"_blank\" style=\"color: rgb(0, 153, 0); background-color: transparent;\">路亚竿</a>，<a href=\"http://www.diaoyur.com/baike/18468.html\" rel=\"noopener noreferrer\" target=\"_blank\" style=\"color: rgb(0, 153, 0); background-color: transparent;\">沉底钓</a>鱼口不好使，可以使用<a href=\"http://www.diaoyur.com/baike/18499.html\" rel=\"noopener noreferrer\" target=\"_blank\" style=\"color: rgb(0, 153, 0); background-color: transparent;\">德州钓组</a>抛远搜索一下，往往能钓到大黑头。如果运气好，碰到<a href=\"http://www.diaoyur.com/baike/18264.html\" rel=\"noopener noreferrer\" target=\"_blank\" style=\"color: rgb(0, 153, 0); background-color: transparent;\">鲅鱼</a>起拍子，换成亮片或者其他水面系假饵，钓几条<a href=\"http://www.diaoyur.com/baike/18264.html\" rel=\"noopener noreferrer\" target=\"_blank\" style=\"color: rgb(0, 153, 0); background-color: transparent;\">鲅鱼</a>还是很过瘾的。</p><p class=\"ql-align-justify\">	</p><h2 class=\"ql-align-justify\">	和钓鱼相关的吃住行攻略</h2><p class=\"ql-align-justify\">	海钓和淡水钓不同的是，不是你有时间就去钓的，尤其这么远的距离，最好在每年的开春和初冬时节，避免7-9月份的旅游旺季，开春和初冬时期京唐港外来人口稀少，住宿非常便宜，一般标准间价格在50-80元之间，下面图片中是当地人比较集中的地方，这里旅馆非常多，随便找一家就可以。</p><p class=\"ql-align-justify\">	</p><p class=\"ql-align-justify\">	在图中的区域不仅有旅馆，还有2、3家渔具店和超市，购买渔具和船上吃喝的用品非常容易，记住晕船药一定要买，除非你确定自己不晕船，在渔具店买“大白兔”即可，一说这个名字就知道了，日本产的晕船药，效果非常好。就是副作用有点明显，容易口干和渴，多带些水。<strong>海城路向北走，到中山大道左转，开车不远就是海鲜市场，旁边胡同里早上6点多有河虾销售。</strong></p><p class=\"ql-align-justify\">	开车前往京唐港是非常方便的，直接上京哈高速，提前定位到我建议的旅馆区，从北京的房山出发的话，要3个多小时，如果是东边的钓友应该2个多小时就能到了，全程路况比较好。</p><h2 class=\"ql-align-justify\">	关于最后的总结归纳</h2><p class=\"ql-align-justify\">	综上所述，是关于距离北京最近的海钓点的介绍，写这篇文章的原因是，很多没接触过海钓的朋友以为海钓费用很高。其实4个人拼一辆车去的话，正常吃喝的前提下，每人500元以内足以，类似我这样经常去的人，装备比较齐全的话，300多元的开销完全可以支撑一天半的海钓之旅，毕竟非旺季去京唐的话，当地的物价还是偏低的。</p><p><br></p>', '2021-02-08 17:23:03', '1', '海钓', '22', '', '', '', '', 'http://127.0.0.1:8888/public/images/1612662383679.jpeg', '文章');
INSERT INTO `f_article` VALUES ('11', '不会用路亚打翘嘴，不要紧，试试这种虾', '<p class=\"ql-align-justify\">	时间：2021-01-01 21:17</p><p class=\"ql-align-justify\">	天气：晴天 -7℃-3℃</p><p class=\"ql-align-justify\">	钓场：开化瑶元垂钓基地（）</p><p class=\"ql-align-justify\">	饵料：<a href=\"http://www.diaoyur.com/baike/17891.html\" rel=\"noopener noreferrer\" target=\"_blank\" style=\"color: rgb(0, 153, 0); background-color: transparent;\">刘志强</a>饵料公饵</p><p class=\"ql-align-justify\">	线组：0.6+0.6</p><p class=\"ql-align-justify\">	钩型：5号金秀</p><p class=\"ql-align-justify\"><br></p><p class=\"ql-align-justify\">	<strong>人生第一场真正意义上的钓鱼比赛</strong></p><p class=\"ql-align-justify\"><strong><span class=\"ql-cursor\">﻿</span></strong><img width=100%px height=100%px src=\"http://127.0.0.1:8888/public/images/1612494331067.jpeg\"></p><p class=\"ql-align-justify\"><br></p><p class=\"ql-align-justify\">	跟着快乐垂钓很多年了，其实有一年去横店的时候也有过一场趣味赛，只是那场比赛一直是我心中永远的痛，三个人轮流上场钓鱼，我愣是一条有效鱼没钓到，为啥说是有效鱼呢？因为我拉了两餐条上来的，那天天气寒冷，心更冷呀。第一次这么多人的比赛，我竟然连一条有效鱼都没有钓到，这个让我这些年一直都耿耿于怀。今年有幸再次参加快乐垂钓的年会，并且接到通知，今年有一场独立完成的比赛，我得给自己找回一点颜面呀，目标钓上一尾鱼。</p><p class=\"ql-align-justify\"><br></p><p>	<span style=\"color: rgb(51, 51, 51);\">为了这场比赛我可是用了点脑子的，看天气预报是第一轮强降温，线组不用准备太大，基本都用小线组就行。三个比赛用池，一个小鲫鱼，一个中鲫鱼，一个大混养，抽到哪个就钓哪个，反正都是用尾数来计算的。就用这样的鱼情和池子准备线组，我大线做了三幅，0.6 ，0.8 ，1.2这样来应对三个鱼池，</span>	<a href=\"http://www.diaoyur.com/baike/17664.html\" rel=\"noopener noreferrer\" target=\"_blank\" style=\"color: rgb(0, 153, 0); background-color: transparent;\">子线</a>	<span style=\"color: rgb(51, 51, 51);\">绑了四种吧，3号白秀0.4</span>	<a href=\"http://www.diaoyur.com/baike/17664.html\" rel=\"noopener noreferrer\" target=\"_blank\" style=\"color: rgb(0, 153, 0); background-color: transparent;\">子线</a>	<span style=\"color: rgb(51, 51, 51);\">，4号白秀0.6子线，5号金秀0.6子线，6号金秀0.8子线，全部统一60厘米对折。浮漂想了又想选了吃铅量小的</span>	<a href=\"http://www.diaoyur.com/baike/18329.html\" rel=\"noopener noreferrer\" target=\"_blank\" style=\"color: rgb(0, 153, 0); background-color: transparent;\">芦苇漂</a>	<span style=\"color: rgb(51, 51, 51);\">，天寒地冻的必须要看到信号呀，主要的准备就这些，写出来大家看看思路，我不玩竞技，子线最小的也就0.4了，嘿嘿</span></p><p><br></p><p>	<span style=\"color: rgb(51, 51, 51);\">比赛福利很不错，处处透露着快乐垂钓感谢工作站和上鱼APP 创作者的一颗红心，钓箱，鱼竿，都是主办方提供的，钓完带走。一开始收了99报名费意思一下，最后大部分还是以红包的方式返还给我们每个人了，这个绝对的大气呀。当然这里要感谢巧渔夫，狼王，雷臣的赞助，让我们用最小的准备去参加一场趣味十足的比赛。因为疫情200个名额还有不少多余的，都以福利的方式给当地</span>	<a href=\"http://www.diaoyur.com/baike/17384.html\" rel=\"noopener noreferrer\" target=\"_blank\" style=\"color: rgb(0, 153, 0); background-color: transparent;\">钓友</a>	<span style=\"color: rgb(51, 51, 51);\">报名参加了，享受同样的待遇。</span></p><p><br></p><p>	<span style=\"color: rgb(51, 51, 51);\">比赛真的挺过瘾的，因为气温零下，沾水的抄网放水泥地上马上就能黏在一起的感觉，所以我根本没敢用大线，尽管我抽签位是大混养的中间位置，我还是选择了0.6+0.4的组合，这个选择也导致了我后面的提心吊胆，本来以为天冷鱼</span>	<a href=\"http://www.diaoyur.com/baike/20105.html\" rel=\"noopener noreferrer\" target=\"_blank\" style=\"color: rgb(0, 153, 0); background-color: transparent;\">口轻</a>	<span style=\"color: rgb(51, 51, 51);\">，活性不足，0.4应该问题不大，但是比赛一开始，三杆之后中鱼秒切我就知道我选错了，我只能更换子线，但是绝不能换大线了，浪费太多时间，所以后面的比赛我基本都是0.6+0.6这样的线组硬抗下来的，真的很庆幸0.6的</span>	<a href=\"http://www.diaoyur.com/baike/17811.html\" rel=\"noopener noreferrer\" target=\"_blank\" style=\"color: rgb(0, 153, 0); background-color: transparent;\">主线</a>	<span style=\"color: rgb(51, 51, 51);\">竟然一直坚持到最后，真是很不容易。看来我准备的</span>	<a href=\"http://www.diaoyur.com/baike/17811.html\" rel=\"noopener noreferrer\" target=\"_blank\" style=\"color: rgb(0, 153, 0); background-color: transparent;\">主线</a>	<span style=\"color: rgb(51, 51, 51);\">还都是精益求精的呀，自我膨胀一下。</span></p>', '2021-02-09 15:41:43', '1', '比赛', '12', null, null, null, '14', 'http://127.0.0.1:8888/public/images/1612494341206.jpeg', '文章');
INSERT INTO `f_article` VALUES ('12', '11', 'http://127.0.0.1:8888/public/videos/1612498444498.mp4', '2021-02-07 10:06:49', '1', '渔具', '7', null, null, null, null, 'http://127.0.0.1:8888/public/images/1612498197304.jpeg', '视频');
INSERT INTO `f_article` VALUES ('13', '从千岛湖投放鱼苗牵扯出，湖水透明度高达12米', 'http://127.0.0.1:8888/public/videos/1612499134374.mp4', '2021-02-09 17:31:14', '1', '海钓', '21', '0', '1', '0', '8', 'http://127.0.0.1:8888/public/images/1612499040534.jpeg', '视频');
INSERT INTO `f_article` VALUES ('14', '66岁奶奶酒吧当DJ，85岁爷爷钓鱼，这是21世纪老', '<p class=\"ql-align-justify\">	讲实话，<a href=\"http://www.diaoyur.com/\" rel=\"noopener noreferrer\" target=\"_blank\" style=\"color: rgb(0, 153, 0); background-color: transparent;\">钓鱼人</a>每年都要断几次竿稍，断竿稍的途径可以说花样繁多，有个共同点就是：真的只有极少是因为溜鱼而断的。很多<a href=\"http://www.diaoyur.com/baike/17384.html\" rel=\"noopener noreferrer\" target=\"_blank\" style=\"color: rgb(0, 153, 0); background-color: transparent;\">钓友</a>担心大鱼把鱼竿拉断，但最终鱼没有拉断而是自己整断了。</p><p class=\"ql-align-justify\">	<img width=100%px height=100%px src=\"http://127.0.0.1:8888/public/images/1612662274129.jpeg\"></p><p class=\"ql-align-justify\">	旋转竿稍容易脱落</p><p class=\"ql-align-justify\">	所以很多卖鱼竿的商家免费配节的要求就是：<strong>被鱼拉断的，如果你是不小心弄断的不会给你配节，</strong>个中区别其实很容易区分，懂行的一看就知道你是不是被鱼拉断的。这个有个小技巧给大家，拍照的时候不要拍竿稍进来，直接说被鱼拉走了，只拍剩下的部分。当然也有不管怎么断的都配节的，给某鼎点个赞，29块钱搞活动买了一根4.5的杆子用了五年免费配节了3次，钓了数百斤鱼了现在还在用（经常看视频的<a href=\"http://www.diaoyur.com/baike/17384.html\" rel=\"noopener noreferrer\" target=\"_blank\" style=\"color: rgb(0, 153, 0); background-color: transparent;\">钓友</a>应该可以看到我用这根竿）。</p><p class=\"ql-align-justify\">	</p><p class=\"ql-align-justify\">	鱼竿的垂直拉力很小</p><p class=\"ql-align-justify\">	蓑笠哥钓了这么多年鱼，只有一次溜鱼（叉尾鮰）的时候竿稍断了，但是我感觉那次是因为受伤了。今年就断过一次鲫鱼竿的竿稍，但是是在<a href=\"http://www.diaoyur.com/baike/17796.html\" rel=\"noopener noreferrer\" target=\"_blank\" style=\"color: rgb(0, 153, 0); background-color: transparent;\">线组</a>上树之后真的只是轻轻一碰就断了，之前拉十来斤的鱼都没有断，这轻轻一碰的力道最多三两。</p><p class=\"ql-align-justify\">	</p><p class=\"ql-align-justify\">	这条鱼断了竿稍</p><p class=\"ql-align-justify\">	今天蓑笠哥（资深断竿稍者）结合自己的经验和这些年自己和身边钓友断竿稍的情况来讲讲如何防止断竿稍。前些年一年要配五六根竿稍，这两年才配了一根竿稍，而且因为没有看到马虎大意的问题。</p><p class=\"ql-align-justify\">	<strong>不</strong><a href=\"http://www.diaoyur.com/baike/19848.html\" rel=\"noopener noreferrer\" target=\"_blank\" style=\"color: rgb(0, 153, 0); background-color: transparent;\"><strong>抛满竿</strong></a><strong>容易断竿稍</strong></p><p class=\"ql-align-justify\">	倒不是因为不<a href=\"http://www.diaoyur.com/baike/19848.html\" rel=\"noopener noreferrer\" target=\"_blank\" style=\"color: rgb(0, 153, 0); background-color: transparent;\">抛满竿</a>本身会导致断杆，只不过没有抛满竿竿稍绳附近的<a href=\"http://www.diaoyur.com/baike/18048.html\" rel=\"noopener noreferrer\" target=\"_blank\" style=\"color: rgb(0, 153, 0); background-color: transparent;\">鱼线</a>很容和竿稍缠绕到一起，这样你一旦用力抽竿的时候用力的<a href=\"http://www.diaoyur.com/baike/18048.html\" rel=\"noopener noreferrer\" target=\"_blank\" style=\"color: rgb(0, 153, 0); background-color: transparent;\">鱼线</a>可能在竿稍后面十来公分的地方。不中鱼还好，一旦中鱼很容易从受力点就断了。</p><p class=\"ql-align-justify\">	所以我们在竿稍缠绕的时候一定要解开之后再抛投，拉着线甩几下不会有问题，实在不行就收起来解开之后再抛投，这样会降低断竿稍的概率。</p><p class=\"ql-align-justify\">	</p><p class=\"ql-align-justify\">	尽量抛满竿钓鱼</p><p class=\"ql-align-justify\">	<a href=\"http://www.diaoyur.com/baike/17929.html\" rel=\"noopener noreferrer\" target=\"_blank\" style=\"color: rgb(0, 153, 0); background-color: transparent;\"><strong>挂底</strong></a><strong>后拔河容易断竿稍</strong></p><p class=\"ql-align-justify\">	拔河本身不会导致断竿稍，因为竿稍纵向拉力特别的大，只不过有可能直接把结抽出来，事实上这样的情况现在极少发生，只要你的竿子超过80块钱一根就不会，如果有那就是厂家太坑了。</p><p class=\"ql-align-justify\">	拔河的时候你要把杆子收起来拔，要不然横向受力你拿住杆子前面一两节拔河很容易断的，就算拔的时候没有断线断了之后你会控制不了后退这样就断了。正确的操作是把杆子收起来留最后一节拔河，如果条件允许最好是把<a href=\"http://www.diaoyur.com/baike/17811.html\" rel=\"noopener noreferrer\" target=\"_blank\" style=\"color: rgb(0, 153, 0); background-color: transparent;\">主线</a>解下来杆子收好放到旁边再拿<a href=\"http://www.diaoyur.com/baike/17811.html\" rel=\"noopener noreferrer\" target=\"_blank\" style=\"color: rgb(0, 153, 0); background-color: transparent;\">主线</a>拔。</p><p class=\"ql-align-justify\">	拔河之后竿稍可能会卡节弄不回去了，这个时候你要把卡节的那两节拿出来，在地上铺一块毛巾（不要铺在水泥地板上面，木板可以），然后拿住头头举过头顶使劲往毛巾上怼，最后要丢出去，往复几次卡节就松了。</p><p class=\"ql-align-justify\">	<img width=100%px height=100%px src=\"http://127.0.0.1:8888/public/images/1612662285038.jpeg\"></p><p class=\"ql-align-justify\">	<a href=\"http://www.diaoyur.com/baike/17929.html\" rel=\"noopener noreferrer\" target=\"_blank\" style=\"color: rgb(0, 153, 0); background-color: transparent;\">挂底</a>后要直拔</p><p class=\"ql-align-justify\">	<strong>上树后容易断竿稍</strong></p><p class=\"ql-align-justify\">	上树之后其实和挂底拔河是一样的，往往你狂拔的时候竿稍不会断，但是后面一个不小心的动作竿稍就断了。解决方法其实和挂底时候一样，解开竿稍主线，把杆子收好之后再拔。如果够不到就用一根棍子上面绑一根香烟去烫断了算了，至于浮漂可以从新弄一副主线后用竿稍和主线夹住拉下了。</p><p class=\"ql-align-justify\">	值得留意的是：<strong>上树拔</strong><a href=\"http://www.diaoyur.com/baike/17796.html\" rel=\"noopener noreferrer\" target=\"_blank\" style=\"color: rgb(0, 153, 0); background-color: transparent;\"><strong>线组</strong></a><strong>的时候你千万不要光着手拔，</strong>最好包着毛巾然后背对着拔。要不然脱掉之后那个<a href=\"http://www.diaoyur.com/baike/18200.html\" rel=\"noopener noreferrer\" target=\"_blank\" style=\"color: rgb(0, 153, 0); background-color: transparent;\">铅坠</a>很容易打到手，别问我怎么知道的，打到的那一刻我眼泪都流出来了，过了两个多月才好。</p><p class=\"ql-align-justify\">	</p><p class=\"ql-align-justify\">	上树挂草都容易断竿稍</p><p class=\"ql-align-justify\">	<strong>垂直溜鱼容易断竿稍</strong></p><p class=\"ql-align-justify\">	我们溜鱼的时候最为脆弱的就是垂直拉力，就是竿子垂直立起来我们用线向下面拉。这并不代表杆子差，因为杆子溜鱼主要是靠腰力，所以我们应该尽量避免用垂直拉力溜鱼，就算是<a href=\"http://www.diaoyur.com/baike/17954.html\" rel=\"noopener noreferrer\" target=\"_blank\" style=\"color: rgb(0, 153, 0); background-color: transparent;\">抄鱼</a>的时候尽量让杆子后仰一点点，而且快速<a href=\"http://www.diaoyur.com/baike/17954.html\" rel=\"noopener noreferrer\" target=\"_blank\" style=\"color: rgb(0, 153, 0); background-color: transparent;\">抄鱼</a>，如果没有抄到它发力跑了，进快调整杆子的角度不要垂直受力，要不然它一旦发力爆竿稍只需要一秒。</p><p class=\"ql-align-justify\">	<img width=100%px height=100%px src=\"http://127.0.0.1:8888/public/images/1612662291658.jpeg\"></p><p class=\"ql-align-justify\">	用满弓拉力而不是垂直拉力</p><p class=\"ql-align-justify\">	<strong>竿堵不应该夹着竿稍绳</strong></p><p class=\"ql-align-justify\">	因为这个问题断竿稍的情况及少，蓑笠哥钓了二十多年于还只有发生过一次。可能因为竿稍绳被竿堵夹住，这竿稍和最外面那层竿壁就会形成一个夹角，然后其他竿壁在运动过程中会向前冲过来，往复几次竿稍就有可能会断，竿稍被固定离竿壁越近越容易断。</p><p class=\"ql-align-justify\">	</p><p class=\"ql-align-justify\">	竿堵不要夹着竿稍绳</p><p class=\"ql-align-justify\">	<strong>旋转竿稍改成普通竿稍绳</strong></p><p class=\"ql-align-justify\">	不论是多大品牌，旋转竿稍都有一定的概率自己脱落，尤其是使用一段时间后里面会进水锈蚀。所以买竿回家确定要使用之后直接用尖嘴钳把前面一点夹掉（前面旋转的地方后面留点金属）然后套一个竿稍绳进去，用AB胶水就很好，或者是502。这一点只是建议，因为很多<a href=\"http://www.diaoyur.com/\" rel=\"noopener noreferrer\" target=\"_blank\" style=\"color: rgb(0, 153, 0); background-color: transparent;\">钓鱼人</a>喜欢旋转竿稍，我个人不喜欢，旋转没有什么作用不说钓到大鱼经常被拉脱。</p><p><br></p>', '2021-02-09 16:46:42', '1', '鱼竿', '3', '', '', '', '16', 'http://127.0.0.1:8888/public/images/1612662231306.jpeg', '文章');
INSERT INTO `f_article` VALUES ('15', '草鱼的悲哀！产卵量高达120万枚，为何野外几乎销声', '<p class=\"ql-align-justify\">	<img width=100%px height=100%px src=\"http://127.0.0.1:8888/public/images/1612662457790.jpeg\"></p><p class=\"ql-align-justify\">	不知道从什么时候开始，很多<a href=\"http://www.diaoyur.com/baike/17384.html\" rel=\"noopener noreferrer\" target=\"_blank\" style=\"color: rgb(0, 153, 0); background-color: transparent;\">钓友</a>在买鱼竿时不再把注意力放在价格和质量上，而是越来越看重“免费配节”这个服务，我在写鱼竿选择这类文章时，甚至见到过有人评论：我现在只买终身免费配节的鱼竿，钓着放心。</p><p class=\"ql-align-justify\">	看到这样的，我想说一句：你放心了，商家也就放心了。</p><p class=\"ql-align-justify\">	不针对所有商家，只是在我的印象里，大牌商家很少有终身免费配节这个服务，小厂家尤其是一些叫不出名的商家才有。因为没有仔细统计过，所以应该换个严谨点的说法：终身免费配节这项服务，小众品牌要更多一些。</p><p class=\"ql-align-justify\">	<a href=\"http://www.diaoyur.com/baike/17384.html\" rel=\"noopener noreferrer\" target=\"_blank\" style=\"color: rgb(0, 153, 0); background-color: transparent;\">钓友</a>可能有话说了：大牌名气大了，自然会降低服务质量，那些没有名气的小众品牌，才会踏踏实实地做产品，为钓友提供方便。</p><p class=\"ql-align-justify\">	说句不好听的，有这种想法的人，很有可能是被人卖了还替人家数钱！</p><p class=\"ql-align-justify\">	<img width=100%px height=100%px src=\"http://127.0.0.1:8888/public/images/1612662413856.jpeg\"></p><h2 class=\"ql-align-justify\">	为什么我不在乎“终身免费配节”这项服务，甚至还要吐槽？</h2><p class=\"ql-align-justify\">	大家不懂商家玩的套路没关系，只要记住一句话“羊毛出在羊身上，亏本的生意商家永远不会做”，商人做的是生意，不是做慈善，如果卖产品、做服务要长时间亏损那是不可能的，如果有那基本也只有倒闭这一个下场。</p><p class=\"ql-align-justify\">	大牌渔具我以前也吐过槽，比如找大师代言这个事，我也说过羊毛出在羊身上，那些代言打广告的费用，终究还是要咱们消费者买单的。</p><p class=\"ql-align-justify\">	免费配节也是同样的道理，比如他们只要把卖价提高，配节费提早就给你收了就行。</p><p class=\"ql-align-justify\">	有钓友可能就会想，我在拼夕夕上买一根鱼竿才几十块钱，他提前收我配节费又如何呢？</p><p class=\"ql-align-justify\">	这个也很简单，廉价的鱼竿成本肯定低，一节的成本可能就几块钱，什么时候你的杆子断了想配节，人家会和你说配节免费只要付个10元的快递费就行。一节鱼竿成本几块钱，运费用的话商家肯定和快递公司有合作，也只要几块钱，收你10块弄不好他们还有的赚，反正至少也不会亏。</p><p class=\"ql-align-justify\">	</p><h2 class=\"ql-align-justify\">	终身免费配节到底是个什么套路？</h2><p class=\"ql-align-justify\">	其实仔细想想也不难发现，商家总是以卖货赚钱为目的，他们推出所有的活动、服务一定逃不掉以下几个目的：1、打开市场吸引流量；2、同行竞争增加销量；3、满足客户需求促成交易。当然了，话不能说死，有些好的商家确实也会做一些活动回馈自己的粉丝。</p><p class=\"ql-align-justify\">	终身免费配节这个服务，我觉得是满足了很大一批钓友的需求，甚至有很多人是直接冲着这个服务才下的单，就算是相对比较理性的人，在面对两款价格、参数、名气都差不多的鱼竿时，肯定也会偏向有免费配节的那一个。</p><p class=\"ql-align-justify\">	对于咱们广大钓友来说，终生免费配节这项服务的确是一份重大的保障，消除了自己的后顾之忧，再也不怕因为操作失误或者自己的粗心大意而导致鱼竿发生断裂的事了。</p><p class=\"ql-align-justify\">	但我说句实话，太关心配节的人，大多数都是新手（说全是新手不够严谨，还容易被喷），因为新手有两个通病：1、喜欢<a href=\"http://www.diaoyur.com/v/diaodayu.html\" rel=\"noopener noreferrer\" target=\"_blank\" style=\"color: rgb(0, 153, 0); background-color: transparent;\">钓大鱼</a>，总是很关心自己的鱼竿能承受多大的拉力，进渔具店买鱼竿问的第一句话就是这个竿能钓多大的鱼；2、喜欢用粗线，从不关注自己的鱼竿能使用多大的<a href=\"http://www.diaoyur.com/baike/17796.html\" rel=\"noopener noreferrer\" target=\"_blank\" style=\"color: rgb(0, 153, 0); background-color: transparent;\">线组</a>，一个劲地用粗线，发生断杆又说是质量有问题。</p><p class=\"ql-align-justify\">	有些人可能知道自己技术差，所以特别怕爆竿，于是买之前就很关注配节问题，这时商家将计就计给你来一个“终身免费配节”的定心丸，你就妥妥安心了。</p><p class=\"ql-align-justify\">	</p><h2 class=\"ql-align-justify\">	终身免费配节真的实用吗？</h2><p class=\"ql-align-justify\">	前面已经说了，商家不做亏本生意，说是免费配节但有可能提前就把配节的成本增加到售价中了，或者是在你日后的配节中把成本放到运费上。</p><p class=\"ql-align-justify\">	就算撇开这两点不谈，我们再来算一笔帐吧，一根鱼竿能用多久？半年、一年？还是三年五年？如果你出钓率不高，那当然能用很长时间，但同时也意味着鱼竿的损耗小、断杆几率小，可能几年都不断一次竿；如果出钓率很高，你的鱼竿恐怕用不了太久，不是鱼竿被用坏了，而是你自己就把它淘汰掉了。</p><p class=\"ql-align-justify\">	我身边很多朋友，刚学钓鱼追求极致性价比，认为渔具能用就行、不需要太贵，买的都是几块钱的浮漂、二三十的鱼竿，但一两个月后，彻彻底底迷上钓鱼了，老的装备全丢一边，整天买买买，变成了别人口中的“无可救药”。</p><p class=\"ql-align-justify\">	<img width=100%px height=100%px src=\"http://127.0.0.1:8888/public/images/1612662424287.jpeg\"></p><p class=\"ql-align-justify\">	还有一个非常有趣的事，可能很多朋友根本没有想到，如果说你的鱼竿总是断，一个月断两三次，而且经常在钓到大鱼时断链子，此时你会怎么办？你还会一个劲地去配节？野钓遇到个大鱼不容易，如果三番五次害你<a href=\"http://www.diaoyur.com/a/tuogoupaoyu.html\" rel=\"noopener noreferrer\" target=\"_blank\" style=\"color: rgb(0, 153, 0); background-color: transparent;\">跑鱼</a>，你一定觉得这个竿质量存在严重问题，别说免费配节了，就算这个品牌再送你一支，也不见得敢用吧。</p><p class=\"ql-align-justify\">	我一个小兄弟，刚开始也挺在意配节这个事，他在选鱼竿的时候我就提醒过他，质量才是第一位，如果质量不行，你配那么多次节干啥。当时他没听我的，执意选了个杂牌，就是那种“轻如鸿毛、但狂拉一百斤不断”的鱼竿，买来后的第一个月就配了三次节，一次是踩断的，两次是<a href=\"http://www.diaoyur.com/v/diaodayu.html\" rel=\"noopener noreferrer\" target=\"_blank\" style=\"color: rgb(0, 153, 0); background-color: transparent;\">钓大鱼</a>时断的。第二个月又断了，而且断的还是大把，但这次他死活不愿再去配节，还发誓永远不再买这个品牌的鱼竿。</p><p class=\"ql-align-justify\">	</p><p><br></p>', '2021-02-09 17:00:19', '1', '鱼竿', '23', '0', '1', '0', '12', 'http://127.0.0.1:8888/public/images/1612662291658.jpeg', '文章');
INSERT INTO `f_article` VALUES ('16', '查干湖的财产，一网40万斤鱼，是否暗藏玄机', '<p class=\"ql-align-justify\">	北京因为是内陆城市，在很多<a href=\"http://www.diaoyur.com/baike/17384.html\" rel=\"noopener noreferrer\" target=\"_blank\" style=\"color: rgb(0, 153, 0); background-color: transparent;\">钓友</a>眼里，只能进行淡水垂钓。其实驱车向东200公里左右，有多个渤海湾港口可以海钓，最为有名的分别是曹妃甸、黄骅、京唐港。从渔获的角度来说，曹妃甸是首选，从性价比和钓法多样的角度看，京唐港是最理想的。我在北京居住的时候，每年都要去7、8次京唐港体验海钓，和淡水钓相比更刺激，如果您也想体验海钓的乐趣，那么请跟随我一探距离北京最近的海钓港口——京唐港。</p><p class=\"ql-align-justify\">	<img width=100%px height=100%px src=\"http://127.0.0.1:8888/public/images/1612662624505.jpeg\"></p><p class=\"ql-align-justify\">	<strong>重要内容提要：</strong></p><p class=\"ql-align-justify\">	京唐港简介</p><p class=\"ql-align-justify\">	如何选择性价比高的海钓方式</p><p class=\"ql-align-justify\">	和钓鱼相关的吃住行攻略</p><p class=\"ql-align-justify\">	京唐港是唐山港下属港口。位于唐山市东南80公里处的唐山海港开发区境内，渤海湾北岸，陆上距北京市230公里。因为北京面积相当大，所以从不同的辖区到京唐港的距离有较大出入，我居住的房山区到达港口中心点是330公里。</p><p class=\"ql-align-justify\">	作为港口城市，京唐港实际居住人口并不多，除了面积不大的城区外，其他区域多数荒无人烟，作为<a href=\"http://www.diaoyur.com/\" rel=\"noopener noreferrer\" target=\"_blank\" style=\"color: rgb(0, 153, 0); background-color: transparent;\">钓鱼人</a>来说，在这里可以选择多种不同的钓法。无论是台钓、串钩远投、<a href=\"http://www.diaoyur.com/baike/18153.html\" rel=\"noopener noreferrer\" target=\"_blank\" style=\"color: rgb(0, 153, 0); background-color: transparent;\">浮游矶钓</a>还是路亚、船钓都可以找到合适的场所，只是最近几年近海鱼类资源枯竭，渔获很不稳定。</p><p class=\"ql-align-justify\">	</p><h2 class=\"ql-align-justify\">	如何选择性价比高的海钓方式</h2><p class=\"ql-align-justify\">	既然需要驱车2、300公里，台钓的方式首先可以放弃了，没必要到这么远的地方来钓，性价比最高的两种方式是串钩远投和船钓，路亚和<a href=\"http://www.diaoyur.com/baike/18153.html\" rel=\"noopener noreferrer\" target=\"_blank\" style=\"color: rgb(0, 153, 0); background-color: transparent;\">浮游矶钓</a>需要专门的装备，对于很多习惯淡水钓的朋友来说，还需要掌握一些技巧，因此如果特别很有兴趣，否则还是以串钩钓和船钓为主。</p><p class=\"ql-align-justify\">	<strong>串钩钓应用最广</strong></p><p class=\"ql-align-justify\">	无论海况如何，串钩钓都可以施展，哪怕即使海面波浪滔天，也可以选择入海口的位置，这里同样聚集了许多“两水鱼”，除了常见的鲫鱼外，楞吧在这里的数量也很多。防波堤、码头是最好的选择，另外一个非常好的钓点，就是港口卸装桥那里，可惜没有手段的话很难进<a href=\"http://www.diaoyur.com/v/qudiaoyu.html\" rel=\"noopener noreferrer\" target=\"_blank\" style=\"color: rgb(0, 153, 0); background-color: transparent;\">去钓鱼</a>。</p><p class=\"ql-align-justify\">	饵料：渔具店买<a href=\"http://www.diaoyur.com/baike/17365.html\" rel=\"noopener noreferrer\" target=\"_blank\" style=\"color: rgb(0, 153, 0); background-color: transparent;\">沙蚕</a>、海肠子、虾仁都可以，或者早起的时候到市场买小虾小鱼，当地有一种叫“油光”（音译）的小鱼效果不错。最好带几个<a href=\"http://www.diaoyur.com/baike/17632.html\" rel=\"noopener noreferrer\" target=\"_blank\" style=\"color: rgb(0, 153, 0); background-color: transparent;\">螃蟹</a>笼子，钓到楞吧后剪成几个肉条挂在里面，当地的<a href=\"http://www.diaoyur.com/baike/17632.html\" rel=\"noopener noreferrer\" target=\"_blank\" style=\"color: rgb(0, 153, 0); background-color: transparent;\">螃蟹</a>虽然个头不大，但味道鲜美。<strong>到祥云湾码头附近，钓点随处都是</strong>，运气好还可以钓到捣蛋鬼（河豚）和皮皮虾。</p><p class=\"ql-align-justify\">	<img width=100%px height=100%px src=\"http://127.0.0.1:8888/public/images/1612662629432.jpeg\"></p><p class=\"ql-align-justify\">	<strong>船钓最过瘾</strong></p><p class=\"ql-align-justify\">	要说京唐港最有可能<a href=\"http://www.diaoyur.com/baike/18392.html\" rel=\"noopener noreferrer\" target=\"_blank\" style=\"color: rgb(0, 153, 0); background-color: transparent;\">爆箱</a>的钓法就是船钓了，对于不经常接触船钓的<a href=\"http://www.diaoyur.com/baike/17384.html\" rel=\"noopener noreferrer\" target=\"_blank\" style=\"color: rgb(0, 153, 0); background-color: transparent;\">钓友</a>来说，初到京唐港一定要到渔具店里询问一下，几个人拼船的话费用并不高，当然如果同去的朋友多，4、5个人单独包一条船也是可以的，2017年的包船价格是6-700一天（防波堤附近几海里的范围），如果想去井架或者私密钓点，需要自行协商价格。建议刚接触船钓的朋友最好选择防波堤附近，风浪较小，找到靠谱的船老大的话，钓个几斤鱼还是没问题的，我最多的时候一天钓了60多斤黑头，过足了瘾。</p><p class=\"ql-align-justify\">	船钓装备：近海防波堤船钓的话，使用普通船竿即可，2.1-2.4米的长度，渔轮最好选择专用船轮，100多的工程塑料船轮就可以满足，如果有现成的<a href=\"http://www.diaoyur.com/baike/17705.html\" rel=\"noopener noreferrer\" target=\"_blank\" style=\"color: rgb(0, 153, 0); background-color: transparent;\">纺车轮</a>也可以使用，只是在放线的时候不如船轮方便罢了。对象鱼多以2两-半斤的黑头为主，因此<a href=\"http://www.diaoyur.com/baike/18048.html\" rel=\"noopener noreferrer\" target=\"_blank\" style=\"color: rgb(0, 153, 0); background-color: transparent;\">鱼线</a>使用2号PE线就足以应付。</p><p class=\"ql-align-justify\">	</p><p class=\"ql-align-justify\">	<a href=\"http://www.diaoyur.com/baike/17796.html\" rel=\"noopener noreferrer\" target=\"_blank\" style=\"color: rgb(0, 153, 0); background-color: transparent;\">线组</a>到当地渔具店购买现成的即可，一般需要准备5-10套天平<a href=\"http://www.diaoyur.com/baike/17796.html\" rel=\"noopener noreferrer\" target=\"_blank\" style=\"color: rgb(0, 153, 0); background-color: transparent;\">线组</a>，5块钱一桶的<a href=\"http://www.diaoyur.com/baike/18042.html\" rel=\"noopener noreferrer\" target=\"_blank\" style=\"color: rgb(0, 153, 0); background-color: transparent;\">鱼钩</a>买两桶，<a href=\"http://www.diaoyur.com/baike/18200.html\" rel=\"noopener noreferrer\" target=\"_blank\" style=\"color: rgb(0, 153, 0); background-color: transparent;\">铅坠</a>100-150克重量的准备10个以上。新手特别爱挂底，所以<a href=\"http://www.diaoyur.com/baike/18200.html\" rel=\"noopener noreferrer\" target=\"_blank\" style=\"color: rgb(0, 153, 0); background-color: transparent;\">铅坠</a>和线组是随时最大的，如果经常船钓，每次3、4个铅坠就足够了。</p><p class=\"ql-align-justify\">	</p><p class=\"ql-align-justify\">	钓点：一切听船老大的，找几个好标点，<strong>东堤灯塔、西堤都可以，</strong>船到位后集体下杆即可。尽量让铅坠轻轻触在石头上，手里绷住劲，随着浪一上一下的在石头上“磕”，黑头咬钩的手感很猛烈，可以明显感觉到咬钩，正常摇轮即可。建议准备一支ML调的<a href=\"http://www.diaoyur.com/baike/18318.html\" rel=\"noopener noreferrer\" target=\"_blank\" style=\"color: rgb(0, 153, 0); background-color: transparent;\">路亚竿</a>，<a href=\"http://www.diaoyur.com/baike/18468.html\" rel=\"noopener noreferrer\" target=\"_blank\" style=\"color: rgb(0, 153, 0); background-color: transparent;\">沉底钓</a>鱼口不好使，可以使用<a href=\"http://www.diaoyur.com/baike/18499.html\" rel=\"noopener noreferrer\" target=\"_blank\" style=\"color: rgb(0, 153, 0); background-color: transparent;\">德州钓组</a>抛远搜索一下，往往能钓到大黑头。如果运气好，碰到<a href=\"http://www.diaoyur.com/baike/18264.html\" rel=\"noopener noreferrer\" target=\"_blank\" style=\"color: rgb(0, 153, 0); background-color: transparent;\">鲅鱼</a>起拍子，换成亮片或者其他水面系假饵，钓几条<a href=\"http://www.diaoyur.com/baike/18264.html\" rel=\"noopener noreferrer\" target=\"_blank\" style=\"color: rgb(0, 153, 0); background-color: transparent;\">鲅鱼</a>还是很过瘾的。</p><p class=\"ql-align-justify\">	</p><h2 class=\"ql-align-justify\">	和钓鱼相关的吃住行攻略</h2><p class=\"ql-align-justify\">	海钓和淡水钓不同的是，不是你有时间就去钓的，尤其这么远的距离，最好在每年的开春和初冬时节，避免7-9月份的旅游旺季，开春和初冬时期京唐港外来人口稀少，住宿非常便宜，一般标准间价格在50-80元之间，下面图片中是当地人比较集中的地方，这里旅馆非常多，随便找一家就可以。</p><p class=\"ql-align-justify\">	</p><p class=\"ql-align-justify\">	在图中的区域不仅有旅馆，还有2、3家渔具店和超市，购买渔具和船上吃喝的用品非常容易，记住晕船药一定要买，除非你确定自己不晕船，在渔具店买“大白兔”即可，一说这个名字就知道了，日本产的晕船药，效果非常好。就是副作用有点明显，容易口干和渴，多带些水。<strong>海城路向北走，到中山大道左转，开车不远就是海鲜市场，旁边胡同里早上6点多有河虾销售。</strong></p><p class=\"ql-align-justify\">	开车前往京唐港是非常方便的，直接上京哈高速，提前定位到我建议的旅馆区，从北京的房山出发的话，要3个多小时，如果是东边的钓友应该2个多小时就能到了，全程路况比较好。</p><h2 class=\"ql-align-justify\">	关于最后的总结归纳</h2><p class=\"ql-align-justify\">	综上所述，是关于距离北京最近的海钓点的介绍，写这篇文章的原因是，很多没接触过海钓的朋友以为海钓费用很高。其实4个人拼一辆车去的话，正常吃喝的前提下，每人500元以内足以，类似我这样经常去的人，装备比较齐全的话，300多元的开销完全可以支撑一天半的海钓之旅，毕竟非旺季去京唐的话，当地的物价还是偏低的。</p><p><br></p>', '2021-02-08 17:23:04', '1', '海钓', '22', '', '', '', '', 'http://127.0.0.1:8888/public/images/1612662383679.jpeg', '文章');
INSERT INTO `f_article` VALUES ('18', '论新手还是老手，钓鱼中的这些尬事，躲都躲不掉', 'http://127.0.0.1:8888/public/videos/1612498444498.mp4', '2021-02-09 17:19:53', '1', '渔具', '7', '0', '2', '0', '20', 'http://127.0.0.1:8888/public/images/1612498197304.jpeg', '视频');
INSERT INTO `f_article` VALUES ('19', '冬雨蒙蒙作钓忙 天气阴冷鱼欠口', 'http://127.0.0.1:8888/public/videos/1612499134374.mp4', '2021-02-08 17:12:00', '1', '海钓', '21', '0', '6', '0', '18', 'http://127.0.0.1:8888/public/images/1612499040534.jpeg', '视频');
INSERT INTO `f_article` VALUES ('20', '回家之前台州最后一钓', '<p class=\"ql-align-justify\">	讲实话，<a href=\"http://www.diaoyur.com/\" rel=\"noopener noreferrer\" target=\"_blank\" style=\"color: rgb(0, 153, 0); background-color: transparent;\">钓鱼人</a>每年都要断几次竿稍，断竿稍的途径可以说花样繁多，有个共同点就是：真的只有极少是因为溜鱼而断的。很多<a href=\"http://www.diaoyur.com/baike/17384.html\" rel=\"noopener noreferrer\" target=\"_blank\" style=\"color: rgb(0, 153, 0); background-color: transparent;\">钓友</a>担心大鱼把鱼竿拉断，但最终鱼没有拉断而是自己整断了。</p><p class=\"ql-align-justify\">	<img width=100%px height=100%px src=\"http://127.0.0.1:8888/public/images/1612662274129.jpeg\"></p><p class=\"ql-align-justify\">	旋转竿稍容易脱落</p><p class=\"ql-align-justify\">	所以很多卖鱼竿的商家免费配节的要求就是：<strong>被鱼拉断的，如果你是不小心弄断的不会给你配节，</strong>个中区别其实很容易区分，懂行的一看就知道你是不是被鱼拉断的。这个有个小技巧给大家，拍照的时候不要拍竿稍进来，直接说被鱼拉走了，只拍剩下的部分。当然也有不管怎么断的都配节的，给某鼎点个赞，29块钱搞活动买了一根4.5的杆子用了五年免费配节了3次，钓了数百斤鱼了现在还在用（经常看视频的<a href=\"http://www.diaoyur.com/baike/17384.html\" rel=\"noopener noreferrer\" target=\"_blank\" style=\"color: rgb(0, 153, 0); background-color: transparent;\">钓友</a>应该可以看到我用这根竿）。</p><p class=\"ql-align-justify\">	</p><p class=\"ql-align-justify\">	鱼竿的垂直拉力很小</p><p class=\"ql-align-justify\">	蓑笠哥钓了这么多年鱼，只有一次溜鱼（叉尾鮰）的时候竿稍断了，但是我感觉那次是因为受伤了。今年就断过一次鲫鱼竿的竿稍，但是是在<a href=\"http://www.diaoyur.com/baike/17796.html\" rel=\"noopener noreferrer\" target=\"_blank\" style=\"color: rgb(0, 153, 0); background-color: transparent;\">线组</a>上树之后真的只是轻轻一碰就断了，之前拉十来斤的鱼都没有断，这轻轻一碰的力道最多三两。</p><p class=\"ql-align-justify\">	</p><p class=\"ql-align-justify\">	这条鱼断了竿稍</p><p class=\"ql-align-justify\">	今天蓑笠哥（资深断竿稍者）结合自己的经验和这些年自己和身边钓友断竿稍的情况来讲讲如何防止断竿稍。前些年一年要配五六根竿稍，这两年才配了一根竿稍，而且因为没有看到马虎大意的问题。</p><p class=\"ql-align-justify\">	<strong>不</strong><a href=\"http://www.diaoyur.com/baike/19848.html\" rel=\"noopener noreferrer\" target=\"_blank\" style=\"color: rgb(0, 153, 0); background-color: transparent;\"><strong>抛满竿</strong></a><strong>容易断竿稍</strong></p><p class=\"ql-align-justify\">	倒不是因为不<a href=\"http://www.diaoyur.com/baike/19848.html\" rel=\"noopener noreferrer\" target=\"_blank\" style=\"color: rgb(0, 153, 0); background-color: transparent;\">抛满竿</a>本身会导致断杆，只不过没有抛满竿竿稍绳附近的<a href=\"http://www.diaoyur.com/baike/18048.html\" rel=\"noopener noreferrer\" target=\"_blank\" style=\"color: rgb(0, 153, 0); background-color: transparent;\">鱼线</a>很容和竿稍缠绕到一起，这样你一旦用力抽竿的时候用力的<a href=\"http://www.diaoyur.com/baike/18048.html\" rel=\"noopener noreferrer\" target=\"_blank\" style=\"color: rgb(0, 153, 0); background-color: transparent;\">鱼线</a>可能在竿稍后面十来公分的地方。不中鱼还好，一旦中鱼很容易从受力点就断了。</p><p class=\"ql-align-justify\">	所以我们在竿稍缠绕的时候一定要解开之后再抛投，拉着线甩几下不会有问题，实在不行就收起来解开之后再抛投，这样会降低断竿稍的概率。</p><p class=\"ql-align-justify\">	</p><p class=\"ql-align-justify\">	尽量抛满竿钓鱼</p><p class=\"ql-align-justify\">	<a href=\"http://www.diaoyur.com/baike/17929.html\" rel=\"noopener noreferrer\" target=\"_blank\" style=\"color: rgb(0, 153, 0); background-color: transparent;\"><strong>挂底</strong></a><strong>后拔河容易断竿稍</strong></p><p class=\"ql-align-justify\">	拔河本身不会导致断竿稍，因为竿稍纵向拉力特别的大，只不过有可能直接把结抽出来，事实上这样的情况现在极少发生，只要你的竿子超过80块钱一根就不会，如果有那就是厂家太坑了。</p><p class=\"ql-align-justify\">	拔河的时候你要把杆子收起来拔，要不然横向受力你拿住杆子前面一两节拔河很容易断的，就算拔的时候没有断线断了之后你会控制不了后退这样就断了。正确的操作是把杆子收起来留最后一节拔河，如果条件允许最好是把<a href=\"http://www.diaoyur.com/baike/17811.html\" rel=\"noopener noreferrer\" target=\"_blank\" style=\"color: rgb(0, 153, 0); background-color: transparent;\">主线</a>解下来杆子收好放到旁边再拿<a href=\"http://www.diaoyur.com/baike/17811.html\" rel=\"noopener noreferrer\" target=\"_blank\" style=\"color: rgb(0, 153, 0); background-color: transparent;\">主线</a>拔。</p><p class=\"ql-align-justify\">	拔河之后竿稍可能会卡节弄不回去了，这个时候你要把卡节的那两节拿出来，在地上铺一块毛巾（不要铺在水泥地板上面，木板可以），然后拿住头头举过头顶使劲往毛巾上怼，最后要丢出去，往复几次卡节就松了。</p><p class=\"ql-align-justify\">	<img width=100%px height=100%px src=\"http://127.0.0.1:8888/public/images/1612662285038.jpeg\"></p><p class=\"ql-align-justify\">	<a href=\"http://www.diaoyur.com/baike/17929.html\" rel=\"noopener noreferrer\" target=\"_blank\" style=\"color: rgb(0, 153, 0); background-color: transparent;\">挂底</a>后要直拔</p><p class=\"ql-align-justify\">	<strong>上树后容易断竿稍</strong></p><p class=\"ql-align-justify\">	上树之后其实和挂底拔河是一样的，往往你狂拔的时候竿稍不会断，但是后面一个不小心的动作竿稍就断了。解决方法其实和挂底时候一样，解开竿稍主线，把杆子收好之后再拔。如果够不到就用一根棍子上面绑一根香烟去烫断了算了，至于浮漂可以从新弄一副主线后用竿稍和主线夹住拉下了。</p><p class=\"ql-align-justify\">	值得留意的是：<strong>上树拔</strong><a href=\"http://www.diaoyur.com/baike/17796.html\" rel=\"noopener noreferrer\" target=\"_blank\" style=\"color: rgb(0, 153, 0); background-color: transparent;\"><strong>线组</strong></a><strong>的时候你千万不要光着手拔，</strong>最好包着毛巾然后背对着拔。要不然脱掉之后那个<a href=\"http://www.diaoyur.com/baike/18200.html\" rel=\"noopener noreferrer\" target=\"_blank\" style=\"color: rgb(0, 153, 0); background-color: transparent;\">铅坠</a>很容易打到手，别问我怎么知道的，打到的那一刻我眼泪都流出来了，过了两个多月才好。</p><p class=\"ql-align-justify\">	</p><p class=\"ql-align-justify\">	上树挂草都容易断竿稍</p><p class=\"ql-align-justify\">	<strong>垂直溜鱼容易断竿稍</strong></p><p class=\"ql-align-justify\">	我们溜鱼的时候最为脆弱的就是垂直拉力，就是竿子垂直立起来我们用线向下面拉。这并不代表杆子差，因为杆子溜鱼主要是靠腰力，所以我们应该尽量避免用垂直拉力溜鱼，就算是<a href=\"http://www.diaoyur.com/baike/17954.html\" rel=\"noopener noreferrer\" target=\"_blank\" style=\"color: rgb(0, 153, 0); background-color: transparent;\">抄鱼</a>的时候尽量让杆子后仰一点点，而且快速<a href=\"http://www.diaoyur.com/baike/17954.html\" rel=\"noopener noreferrer\" target=\"_blank\" style=\"color: rgb(0, 153, 0); background-color: transparent;\">抄鱼</a>，如果没有抄到它发力跑了，进快调整杆子的角度不要垂直受力，要不然它一旦发力爆竿稍只需要一秒。</p><p class=\"ql-align-justify\">	<img width=100%px height=100%px src=\"http://127.0.0.1:8888/public/images/1612662291658.jpeg\"></p><p class=\"ql-align-justify\">	用满弓拉力而不是垂直拉力</p><p class=\"ql-align-justify\">	<strong>竿堵不应该夹着竿稍绳</strong></p><p class=\"ql-align-justify\">	因为这个问题断竿稍的情况及少，蓑笠哥钓了二十多年于还只有发生过一次。可能因为竿稍绳被竿堵夹住，这竿稍和最外面那层竿壁就会形成一个夹角，然后其他竿壁在运动过程中会向前冲过来，往复几次竿稍就有可能会断，竿稍被固定离竿壁越近越容易断。</p><p class=\"ql-align-justify\">	</p><p class=\"ql-align-justify\">	竿堵不要夹着竿稍绳</p><p class=\"ql-align-justify\">	<strong>旋转竿稍改成普通竿稍绳</strong></p><p class=\"ql-align-justify\">	不论是多大品牌，旋转竿稍都有一定的概率自己脱落，尤其是使用一段时间后里面会进水锈蚀。所以买竿回家确定要使用之后直接用尖嘴钳把前面一点夹掉（前面旋转的地方后面留点金属）然后套一个竿稍绳进去，用AB胶水就很好，或者是502。这一点只是建议，因为很多<a href=\"http://www.diaoyur.com/\" rel=\"noopener noreferrer\" target=\"_blank\" style=\"color: rgb(0, 153, 0); background-color: transparent;\">钓鱼人</a>喜欢旋转竿稍，我个人不喜欢，旋转没有什么作用不说钓到大鱼经常被拉脱。</p><p><br></p>', '2021-02-09 17:12:28', '1', '鱼竿', '8', '0', '2', '0', '8', 'http://127.0.0.1:8888/public/images/1612498197304.jpeg', '文章');
INSERT INTO `f_article` VALUES ('21', '钓鱼小药要禁用了，就连政策也都在保护我们钓鱼人', '<p class=\"ql-align-justify\">	<img width=100%px height=100%px src=\"http://127.0.0.1:8888/public/images/1612662457790.jpeg\"></p><p class=\"ql-align-justify\">	不知道从什么时候开始，很多<a href=\"http://www.diaoyur.com/baike/17384.html\" rel=\"noopener noreferrer\" target=\"_blank\" style=\"color: rgb(0, 153, 0); background-color: transparent;\">钓友</a>在买鱼竿时不再把注意力放在价格和质量上，而是越来越看重“免费配节”这个服务，我在写鱼竿选择这类文章时，甚至见到过有人评论：我现在只买终身免费配节的鱼竿，钓着放心。</p><p class=\"ql-align-justify\">	看到这样的，我想说一句：你放心了，商家也就放心了。</p><p class=\"ql-align-justify\">	不针对所有商家，只是在我的印象里，大牌商家很少有终身免费配节这个服务，小厂家尤其是一些叫不出名的商家才有。因为没有仔细统计过，所以应该换个严谨点的说法：终身免费配节这项服务，小众品牌要更多一些。</p><p class=\"ql-align-justify\">	<a href=\"http://www.diaoyur.com/baike/17384.html\" rel=\"noopener noreferrer\" target=\"_blank\" style=\"color: rgb(0, 153, 0); background-color: transparent;\">钓友</a>可能有话说了：大牌名气大了，自然会降低服务质量，那些没有名气的小众品牌，才会踏踏实实地做产品，为钓友提供方便。</p><p class=\"ql-align-justify\">	说句不好听的，有这种想法的人，很有可能是被人卖了还替人家数钱！</p><p class=\"ql-align-justify\">	<img width=100%px height=100%px src=\"http://127.0.0.1:8888/public/images/1612662413856.jpeg\"></p><h2 class=\"ql-align-justify\">	为什么我不在乎“终身免费配节”这项服务，甚至还要吐槽？</h2><p class=\"ql-align-justify\">	大家不懂商家玩的套路没关系，只要记住一句话“羊毛出在羊身上，亏本的生意商家永远不会做”，商人做的是生意，不是做慈善，如果卖产品、做服务要长时间亏损那是不可能的，如果有那基本也只有倒闭这一个下场。</p><p class=\"ql-align-justify\">	大牌渔具我以前也吐过槽，比如找大师代言这个事，我也说过羊毛出在羊身上，那些代言打广告的费用，终究还是要咱们消费者买单的。</p><p class=\"ql-align-justify\">	免费配节也是同样的道理，比如他们只要把卖价提高，配节费提早就给你收了就行。</p><p class=\"ql-align-justify\">	有钓友可能就会想，我在拼夕夕上买一根鱼竿才几十块钱，他提前收我配节费又如何呢？</p><p class=\"ql-align-justify\">	这个也很简单，廉价的鱼竿成本肯定低，一节的成本可能就几块钱，什么时候你的杆子断了想配节，人家会和你说配节免费只要付个10元的快递费就行。一节鱼竿成本几块钱，运费用的话商家肯定和快递公司有合作，也只要几块钱，收你10块弄不好他们还有的赚，反正至少也不会亏。</p><p class=\"ql-align-justify\">	</p><h2 class=\"ql-align-justify\">	终身免费配节到底是个什么套路？</h2><p class=\"ql-align-justify\">	其实仔细想想也不难发现，商家总是以卖货赚钱为目的，他们推出所有的活动、服务一定逃不掉以下几个目的：1、打开市场吸引流量；2、同行竞争增加销量；3、满足客户需求促成交易。当然了，话不能说死，有些好的商家确实也会做一些活动回馈自己的粉丝。</p><p class=\"ql-align-justify\">	终身免费配节这个服务，我觉得是满足了很大一批钓友的需求，甚至有很多人是直接冲着这个服务才下的单，就算是相对比较理性的人，在面对两款价格、参数、名气都差不多的鱼竿时，肯定也会偏向有免费配节的那一个。</p><p class=\"ql-align-justify\">	对于咱们广大钓友来说，终生免费配节这项服务的确是一份重大的保障，消除了自己的后顾之忧，再也不怕因为操作失误或者自己的粗心大意而导致鱼竿发生断裂的事了。</p><p class=\"ql-align-justify\">	但我说句实话，太关心配节的人，大多数都是新手（说全是新手不够严谨，还容易被喷），因为新手有两个通病：1、喜欢<a href=\"http://www.diaoyur.com/v/diaodayu.html\" rel=\"noopener noreferrer\" target=\"_blank\" style=\"color: rgb(0, 153, 0); background-color: transparent;\">钓大鱼</a>，总是很关心自己的鱼竿能承受多大的拉力，进渔具店买鱼竿问的第一句话就是这个竿能钓多大的鱼；2、喜欢用粗线，从不关注自己的鱼竿能使用多大的<a href=\"http://www.diaoyur.com/baike/17796.html\" rel=\"noopener noreferrer\" target=\"_blank\" style=\"color: rgb(0, 153, 0); background-color: transparent;\">线组</a>，一个劲地用粗线，发生断杆又说是质量有问题。</p><p class=\"ql-align-justify\">	有些人可能知道自己技术差，所以特别怕爆竿，于是买之前就很关注配节问题，这时商家将计就计给你来一个“终身免费配节”的定心丸，你就妥妥安心了。</p><p class=\"ql-align-justify\">	</p><h2 class=\"ql-align-justify\">	终身免费配节真的实用吗？</h2><p class=\"ql-align-justify\">	前面已经说了，商家不做亏本生意，说是免费配节但有可能提前就把配节的成本增加到售价中了，或者是在你日后的配节中把成本放到运费上。</p><p class=\"ql-align-justify\">	就算撇开这两点不谈，我们再来算一笔帐吧，一根鱼竿能用多久？半年、一年？还是三年五年？如果你出钓率不高，那当然能用很长时间，但同时也意味着鱼竿的损耗小、断杆几率小，可能几年都不断一次竿；如果出钓率很高，你的鱼竿恐怕用不了太久，不是鱼竿被用坏了，而是你自己就把它淘汰掉了。</p><p class=\"ql-align-justify\">	我身边很多朋友，刚学钓鱼追求极致性价比，认为渔具能用就行、不需要太贵，买的都是几块钱的浮漂、二三十的鱼竿，但一两个月后，彻彻底底迷上钓鱼了，老的装备全丢一边，整天买买买，变成了别人口中的“无可救药”。</p><p class=\"ql-align-justify\">	<img width=100%px height=100%px src=\"http://127.0.0.1:8888/public/images/1612662424287.jpeg\"></p><p class=\"ql-align-justify\">	还有一个非常有趣的事，可能很多朋友根本没有想到，如果说你的鱼竿总是断，一个月断两三次，而且经常在钓到大鱼时断链子，此时你会怎么办？你还会一个劲地去配节？野钓遇到个大鱼不容易，如果三番五次害你<a href=\"http://www.diaoyur.com/a/tuogoupaoyu.html\" rel=\"noopener noreferrer\" target=\"_blank\" style=\"color: rgb(0, 153, 0); background-color: transparent;\">跑鱼</a>，你一定觉得这个竿质量存在严重问题，别说免费配节了，就算这个品牌再送你一支，也不见得敢用吧。</p><p class=\"ql-align-justify\">	我一个小兄弟，刚开始也挺在意配节这个事，他在选鱼竿的时候我就提醒过他，质量才是第一位，如果质量不行，你配那么多次节干啥。当时他没听我的，执意选了个杂牌，就是那种“轻如鸿毛、但狂拉一百斤不断”的鱼竿，买来后的第一个月就配了三次节，一次是踩断的，两次是<a href=\"http://www.diaoyur.com/v/diaodayu.html\" rel=\"noopener noreferrer\" target=\"_blank\" style=\"color: rgb(0, 153, 0); background-color: transparent;\">钓大鱼</a>时断的。第二个月又断了，而且断的还是大把，但这次他死活不愿再去配节，还发誓永远不再买这个品牌的鱼竿。</p><p class=\"ql-align-justify\">	</p><p><br></p>', '2021-02-09 14:38:21', '1', '鱼竿', '15', '', '', '', '6', 'http://127.0.0.1:8888/public/images/1612662383679.jpeg', '文章');
INSERT INTO `f_article` VALUES ('22', '出发去海钓，北京向东200多公里，全面解读京唐港海钓攻略', '<p class=\"ql-align-justify\">	北京因为是内陆城市，在很多<a href=\"http://www.diaoyur.com/baike/17384.html\" rel=\"noopener noreferrer\" target=\"_blank\" style=\"color: rgb(0, 153, 0); background-color: transparent;\">钓友</a>眼里，只能进行淡水垂钓。其实驱车向东200公里左右，有多个渤海湾港口可以海钓，最为有名的分别是曹妃甸、黄骅、京唐港。从渔获的角度来说，曹妃甸是首选，从性价比和钓法多样的角度看，京唐港是最理想的。我在北京居住的时候，每年都要去7、8次京唐港体验海钓，和淡水钓相比更刺激，如果您也想体验海钓的乐趣，那么请跟随我一探距离北京最近的海钓港口——京唐港。</p><p class=\"ql-align-justify\">	<img width=100%px height=100%px src=\"http://127.0.0.1:8888/public/images/1612662624505.jpeg\"></p><p class=\"ql-align-justify\">	<strong>重要内容提要：</strong></p><p class=\"ql-align-justify\">	京唐港简介</p><p class=\"ql-align-justify\">	如何选择性价比高的海钓方式</p><p class=\"ql-align-justify\">	和钓鱼相关的吃住行攻略</p><p class=\"ql-align-justify\">	京唐港是唐山港下属港口。位于唐山市东南80公里处的唐山海港开发区境内，渤海湾北岸，陆上距北京市230公里。因为北京面积相当大，所以从不同的辖区到京唐港的距离有较大出入，我居住的房山区到达港口中心点是330公里。</p><p class=\"ql-align-justify\">	作为港口城市，京唐港实际居住人口并不多，除了面积不大的城区外，其他区域多数荒无人烟，作为<a href=\"http://www.diaoyur.com/\" rel=\"noopener noreferrer\" target=\"_blank\" style=\"color: rgb(0, 153, 0); background-color: transparent;\">钓鱼人</a>来说，在这里可以选择多种不同的钓法。无论是台钓、串钩远投、<a href=\"http://www.diaoyur.com/baike/18153.html\" rel=\"noopener noreferrer\" target=\"_blank\" style=\"color: rgb(0, 153, 0); background-color: transparent;\">浮游矶钓</a>还是路亚、船钓都可以找到合适的场所，只是最近几年近海鱼类资源枯竭，渔获很不稳定。</p><p class=\"ql-align-justify\">	</p><h2 class=\"ql-align-justify\">	如何选择性价比高的海钓方式</h2><p class=\"ql-align-justify\">	既然需要驱车2、300公里，台钓的方式首先可以放弃了，没必要到这么远的地方来钓，性价比最高的两种方式是串钩远投和船钓，路亚和<a href=\"http://www.diaoyur.com/baike/18153.html\" rel=\"noopener noreferrer\" target=\"_blank\" style=\"color: rgb(0, 153, 0); background-color: transparent;\">浮游矶钓</a>需要专门的装备，对于很多习惯淡水钓的朋友来说，还需要掌握一些技巧，因此如果特别很有兴趣，否则还是以串钩钓和船钓为主。</p><p class=\"ql-align-justify\">	<strong>串钩钓应用最广</strong></p><p class=\"ql-align-justify\">	无论海况如何，串钩钓都可以施展，哪怕即使海面波浪滔天，也可以选择入海口的位置，这里同样聚集了许多“两水鱼”，除了常见的鲫鱼外，楞吧在这里的数量也很多。防波堤、码头是最好的选择，另外一个非常好的钓点，就是港口卸装桥那里，可惜没有手段的话很难进<a href=\"http://www.diaoyur.com/v/qudiaoyu.html\" rel=\"noopener noreferrer\" target=\"_blank\" style=\"color: rgb(0, 153, 0); background-color: transparent;\">去钓鱼</a>。</p><p class=\"ql-align-justify\">	饵料：渔具店买<a href=\"http://www.diaoyur.com/baike/17365.html\" rel=\"noopener noreferrer\" target=\"_blank\" style=\"color: rgb(0, 153, 0); background-color: transparent;\">沙蚕</a>、海肠子、虾仁都可以，或者早起的时候到市场买小虾小鱼，当地有一种叫“油光”（音译）的小鱼效果不错。最好带几个<a href=\"http://www.diaoyur.com/baike/17632.html\" rel=\"noopener noreferrer\" target=\"_blank\" style=\"color: rgb(0, 153, 0); background-color: transparent;\">螃蟹</a>笼子，钓到楞吧后剪成几个肉条挂在里面，当地的<a href=\"http://www.diaoyur.com/baike/17632.html\" rel=\"noopener noreferrer\" target=\"_blank\" style=\"color: rgb(0, 153, 0); background-color: transparent;\">螃蟹</a>虽然个头不大，但味道鲜美。<strong>到祥云湾码头附近，钓点随处都是</strong>，运气好还可以钓到捣蛋鬼（河豚）和皮皮虾。</p><p class=\"ql-align-justify\">	<img width=100%px height=100%px src=\"http://127.0.0.1:8888/public/images/1612662629432.jpeg\"></p><p class=\"ql-align-justify\">	<strong>船钓最过瘾</strong></p><p class=\"ql-align-justify\">	要说京唐港最有可能<a href=\"http://www.diaoyur.com/baike/18392.html\" rel=\"noopener noreferrer\" target=\"_blank\" style=\"color: rgb(0, 153, 0); background-color: transparent;\">爆箱</a>的钓法就是船钓了，对于不经常接触船钓的<a href=\"http://www.diaoyur.com/baike/17384.html\" rel=\"noopener noreferrer\" target=\"_blank\" style=\"color: rgb(0, 153, 0); background-color: transparent;\">钓友</a>来说，初到京唐港一定要到渔具店里询问一下，几个人拼船的话费用并不高，当然如果同去的朋友多，4、5个人单独包一条船也是可以的，2017年的包船价格是6-700一天（防波堤附近几海里的范围），如果想去井架或者私密钓点，需要自行协商价格。建议刚接触船钓的朋友最好选择防波堤附近，风浪较小，找到靠谱的船老大的话，钓个几斤鱼还是没问题的，我最多的时候一天钓了60多斤黑头，过足了瘾。</p><p class=\"ql-align-justify\">	船钓装备：近海防波堤船钓的话，使用普通船竿即可，2.1-2.4米的长度，渔轮最好选择专用船轮，100多的工程塑料船轮就可以满足，如果有现成的<a href=\"http://www.diaoyur.com/baike/17705.html\" rel=\"noopener noreferrer\" target=\"_blank\" style=\"color: rgb(0, 153, 0); background-color: transparent;\">纺车轮</a>也可以使用，只是在放线的时候不如船轮方便罢了。对象鱼多以2两-半斤的黑头为主，因此<a href=\"http://www.diaoyur.com/baike/18048.html\" rel=\"noopener noreferrer\" target=\"_blank\" style=\"color: rgb(0, 153, 0); background-color: transparent;\">鱼线</a>使用2号PE线就足以应付。</p><p class=\"ql-align-justify\">	</p><p class=\"ql-align-justify\">	<a href=\"http://www.diaoyur.com/baike/17796.html\" rel=\"noopener noreferrer\" target=\"_blank\" style=\"color: rgb(0, 153, 0); background-color: transparent;\">线组</a>到当地渔具店购买现成的即可，一般需要准备5-10套天平<a href=\"http://www.diaoyur.com/baike/17796.html\" rel=\"noopener noreferrer\" target=\"_blank\" style=\"color: rgb(0, 153, 0); background-color: transparent;\">线组</a>，5块钱一桶的<a href=\"http://www.diaoyur.com/baike/18042.html\" rel=\"noopener noreferrer\" target=\"_blank\" style=\"color: rgb(0, 153, 0); background-color: transparent;\">鱼钩</a>买两桶，<a href=\"http://www.diaoyur.com/baike/18200.html\" rel=\"noopener noreferrer\" target=\"_blank\" style=\"color: rgb(0, 153, 0); background-color: transparent;\">铅坠</a>100-150克重量的准备10个以上。新手特别爱挂底，所以<a href=\"http://www.diaoyur.com/baike/18200.html\" rel=\"noopener noreferrer\" target=\"_blank\" style=\"color: rgb(0, 153, 0); background-color: transparent;\">铅坠</a>和线组是随时最大的，如果经常船钓，每次3、4个铅坠就足够了。</p><p class=\"ql-align-justify\">	</p><p class=\"ql-align-justify\">	钓点：一切听船老大的，找几个好标点，<strong>东堤灯塔、西堤都可以，</strong>船到位后集体下杆即可。尽量让铅坠轻轻触在石头上，手里绷住劲，随着浪一上一下的在石头上“磕”，黑头咬钩的手感很猛烈，可以明显感觉到咬钩，正常摇轮即可。建议准备一支ML调的<a href=\"http://www.diaoyur.com/baike/18318.html\" rel=\"noopener noreferrer\" target=\"_blank\" style=\"color: rgb(0, 153, 0); background-color: transparent;\">路亚竿</a>，<a href=\"http://www.diaoyur.com/baike/18468.html\" rel=\"noopener noreferrer\" target=\"_blank\" style=\"color: rgb(0, 153, 0); background-color: transparent;\">沉底钓</a>鱼口不好使，可以使用<a href=\"http://www.diaoyur.com/baike/18499.html\" rel=\"noopener noreferrer\" target=\"_blank\" style=\"color: rgb(0, 153, 0); background-color: transparent;\">德州钓组</a>抛远搜索一下，往往能钓到大黑头。如果运气好，碰到<a href=\"http://www.diaoyur.com/baike/18264.html\" rel=\"noopener noreferrer\" target=\"_blank\" style=\"color: rgb(0, 153, 0); background-color: transparent;\">鲅鱼</a>起拍子，换成亮片或者其他水面系假饵，钓几条<a href=\"http://www.diaoyur.com/baike/18264.html\" rel=\"noopener noreferrer\" target=\"_blank\" style=\"color: rgb(0, 153, 0); background-color: transparent;\">鲅鱼</a>还是很过瘾的。</p><p class=\"ql-align-justify\">	</p><h2 class=\"ql-align-justify\">	和钓鱼相关的吃住行攻略</h2><p class=\"ql-align-justify\">	海钓和淡水钓不同的是，不是你有时间就去钓的，尤其这么远的距离，最好在每年的开春和初冬时节，避免7-9月份的旅游旺季，开春和初冬时期京唐港外来人口稀少，住宿非常便宜，一般标准间价格在50-80元之间，下面图片中是当地人比较集中的地方，这里旅馆非常多，随便找一家就可以。</p><p class=\"ql-align-justify\">	</p><p class=\"ql-align-justify\">	在图中的区域不仅有旅馆，还有2、3家渔具店和超市，购买渔具和船上吃喝的用品非常容易，记住晕船药一定要买，除非你确定自己不晕船，在渔具店买“大白兔”即可，一说这个名字就知道了，日本产的晕船药，效果非常好。就是副作用有点明显，容易口干和渴，多带些水。<strong>海城路向北走，到中山大道左转，开车不远就是海鲜市场，旁边胡同里早上6点多有河虾销售。</strong></p><p class=\"ql-align-justify\">	开车前往京唐港是非常方便的，直接上京哈高速，提前定位到我建议的旅馆区，从北京的房山出发的话，要3个多小时，如果是东边的钓友应该2个多小时就能到了，全程路况比较好。</p><h2 class=\"ql-align-justify\">	关于最后的总结归纳</h2><p class=\"ql-align-justify\">	综上所述，是关于距离北京最近的海钓点的介绍，写这篇文章的原因是，很多没接触过海钓的朋友以为海钓费用很高。其实4个人拼一辆车去的话，正常吃喝的前提下，每人500元以内足以，类似我这样经常去的人，装备比较齐全的话，300多元的开销完全可以支撑一天半的海钓之旅，毕竟非旺季去京唐的话，当地的物价还是偏低的。</p><p><br></p>', '2021-02-08 17:23:05', '1', '海钓', '55', '', '', '', '', 'http://127.0.0.1:8888/public/images/1612498197304.jpeg', '文章');
INSERT INTO `f_article` VALUES ('23', '你知道野钓神竿吗？它很笨重，但却是一代人的记忆', '<p class=\"ql-align-justify\">	前几天写了一篇关于钓竿的文章，里面介绍了几款我认为比较经典的老竿子。</p><p class=\"ql-align-justify\">	没想到文章发出后竟收到了几百条留言，很感谢<a href=\"http://www.diaoyur.com/baike/17384.html\" rel=\"noopener noreferrer\" target=\"_blank\" style=\"color: rgb(0, 153, 0); background-color: transparent;\">钓友</a>们补充了很多我没提到但同样经典的竿子。</p><p class=\"ql-align-justify\">	其中有一款竿子让我印象特别深刻，很多<a href=\"http://www.diaoyur.com/baike/17384.html\" rel=\"noopener noreferrer\" target=\"_blank\" style=\"color: rgb(0, 153, 0); background-color: transparent;\">钓友</a>都提到了，它的名字就是小稻穗！</p><p class=\"ql-align-justify\">	这款竿很多钓友怕是听都没听过吧，这很正常，可能它红火的那会儿你还没有爱上钓鱼。</p><p class=\"ql-align-justify\">	<img width=600px height=350px src=\"http://p4.diaoyur.cn/group4/M00/0A/E5/cjd0iV3ynx5Jtwl2PeZqvCGSYpUo8.jpeg\"></p><p class=\"ql-align-justify\">	很多钓友都在我那篇文章中提到了小稻穗，有人甚至说：作者连小稻穗都没写上，看来钓鱼也不久。</p><p class=\"ql-align-justify\">	可能和众位老钓友比起来，我的钓龄确实不算长，但小稻穗我是用过的，而且它是除竹竿外我第一只入手的商品手竿。</p><p class=\"ql-align-justify\">	<img width=600px height=350px src=\"http://p4.diaoyur.cn/group4/M00/0A/E5/cjd0iVyxJluSY6RkqIT9U0QOVMPc5.jpeg\"></p><p class=\"ql-align-justify\">	那会儿我还在上小学六年级，由于零花钱很少，买个漂买个竿都不是容易的事，所以到现在我还清晰地记得它的价格，3.6米的是25块钱，4.5米的是30块钱，我当时买的就是3.6米。</p><p class=\"ql-align-justify\">	小稻穗是一款蓝色涂装的短节竿，玻璃钢材质的，这个竿放到今天来说那就是低档货，在某些钓友眼中甚至连低档货都算不上，丢路边都不会有人去捡的那种。</p><p class=\"ql-align-justify\">	但在当时它可是神竿，至少对我们这种刚学钓鱼又没什么钱的人来说，绝对是野钓利器。</p><p class=\"ql-align-justify\">	<img width=600px height=350px src=\"http://p5.diaoyur.cn/group5/M00/06/E7/cjd0iVFe4R5JwMksd-791c6XuiCG2.jpeg\"></p><p class=\"ql-align-justify\">	其实我学钓鱼那会儿，<a href=\"http://www.diaoyur.com/baike/17531.html\" rel=\"noopener noreferrer\" target=\"_blank\" style=\"color: rgb(0, 153, 0); background-color: transparent;\">碳素竿</a>已经比较普遍了，用长节竿的人也很多。我当时买玻璃钢材质的小稻穗纯粹是因为没钱，不过那个时候我觉得短节的要比长节的携带方便。</p><p class=\"ql-align-justify\">	小时候一直用的是竹竿，而且竹子不晒也不烤砍下就直接用，所以当我第一次用小稻穗，并不觉得它很重，能伸缩方便携带，够结实遇到大鱼不怕折，这就足够了。</p><p class=\"ql-align-justify\">	当时我身边的玩伴，喜欢钓鱼的那几个也都是用的小稻穗，而且几年用下来我几乎没见到有人把这个竿子钓断过。</p><p class=\"ql-align-justify\">	3.6米的鱼竿碰到四五斤的鲤鱼完全不虚，那会儿不懂什么<a href=\"http://www.diaoyur.com/baike/17792.html\" rel=\"noopener noreferrer\" target=\"_blank\" style=\"color: rgb(0, 153, 0); background-color: transparent;\">遛鱼</a>技术，钓到大鱼也只会硬刚，但小稻穗没有一次让人失望过。</p><p class=\"ql-align-justify\">	<img width=600px height=350px src=\"http://p4.diaoyur.cn/group4/M00/0A/E5/cjd0iVghOEHauRbBvsX9IfVleLw2c.jpeg\"></p><p class=\"ql-align-justify\">	到了初中，我攒钱升级了装备，花130买了一只<a href=\"http://www.diaoyur.com/baike/17531.html\" rel=\"noopener noreferrer\" target=\"_blank\" style=\"color: rgb(0, 153, 0); background-color: transparent;\">碳素竿</a>，不过也是短节的，尺寸也是3.6米。这只竿的名字叫“千贺”，不知道大家有没有听说过。</p><p class=\"ql-align-justify\">	同样是3.6米，千贺只有小稻穗一半大小，而且手感非常好，我也是买了这个竿以后才知道原来小稻穗真的挺重的。</p><p class=\"ql-align-justify\">	下图是我今年年初拍摄的，图中那只黄色钓竿就是千贺了，虽然现在鱼竿很多，但有时候还是会把老杆子拿出来用用。</p><p class=\"ql-align-justify\">	<img width=600px height=350px src=\"http://p5.diaoyur.cn/group5/M00/06/E7/cjd0iViJ-3UcsH2tPlyFb6YmMfVeI.jpeg\"></p><p class=\"ql-align-justify\">	千贺和小稻穗都是短节竿，这种竿子在我们这边现在已经是很少见了，年初我拿这个竿去找朋友钓鱼时，他看到都惊呆了，一脸懵逼地说：你今天咋回事，怎么把十多年前的老古董都翻出来了。</p><p class=\"ql-align-justify\">	其实短节竿我还挺喜欢的，主要原因可能是我比较懒，有的时候出去不愿背那么多装备，最好一个鱼桶全搞定，而短节竿体积小携带方便塞哪里都可以，所以偶尔想到了也会用一下。</p><p class=\"ql-align-justify\">	当然了，长节竿也有长节竿的优势，而且总体上优点肯定要比短节竿多，否则也不会成为主流了。</p><p class=\"ql-align-justify\">	像小稻穗这样的短节竿虽然很经典，给我们留下了不少美好的记忆，但如今基本也只能是偶尔怀念一下，躺在仓库里的时间远比拿在手上的时间要多。</p><p><br></p>', '2021-02-07 17:33:50', '4', '鱼竿、夜钓', '28', null, null, null, null, 'http://127.0.0.1:8888/public/images/1612690409307.jpeg', '文章');
INSERT INTO `f_article` VALUES ('24', '鲶鲤大杀手 最后终于上一条，还是圆', 'http://127.0.0.1:8888/public/videos/1612690799642.mp4', '2021-02-09 17:09:38', '4', '鲶鱼', '22', '0', '1', '0', '4', 'http://127.0.0.1:8888/public/images/1612690790327.jpeg', '视频');
INSERT INTO `f_article` VALUES ('25', '从千岛湖投放鱼苗牵扯出，湖水透明度高达12米的秘密', '<blockquote class=\"ql-align-justify\">	<span style=\"background-color: rgb(246, 248, 249); color: rgb(152, 152, 152);\">1月13日千岛湖开始首场鲢</span><a href=\"http://www.diaoyur.com/baike/17048.html\" rel=\"noopener noreferrer\" target=\"_blank\" style=\"background-color: transparent; color: rgb(0, 153, 0);\">鳙鱼</a><span style=\"background-color: rgb(246, 248, 249); color: rgb(152, 152, 152);\">增殖放流，7万余尾鲢</span><a href=\"http://www.diaoyur.com/baike/17048.html\" rel=\"noopener noreferrer\" target=\"_blank\" style=\"background-color: transparent; color: rgb(0, 153, 0);\">鳙鱼</a><span style=\"background-color: rgb(246, 248, 249); color: rgb(152, 152, 152);\">苗被投放进千岛湖，通过加大渔业资源增殖保护力度，从而保护水生生态环境。—来源《浙视频》</span></blockquote><p class=\"ql-align-justify\">	看到这则视频，不禁心里有个疑问，那就是千岛湖的鲢鳙这么多，每年产量高达4000吨，为何还要增殖放流鱼苗？其实你不知道的是，虽然鲢鳙很普通，但是它们却是千岛湖湖水透明度高达12米的“秘密”。</p><p class=\"ql-align-justify\">	<img width=600px height=350px src=\"http://p6.diaoyur.cn/group6/M00/06/F2/cjd0iVW36TO4lr7waNixCFeYhcMzo.jpeg\"></p><h2 class=\"ql-align-justify\">	一、千岛湖的由来</h2><p class=\"ql-align-justify\">	千岛湖位于浙江省杭州市淳安县，又叫新安江水库，是新安江上游的人工湖，于1955年开始建设，1960年建成，水库坝高105米，长462米。水库周长约150千米，最宽处超过10千米，最深处超过100米，平均水深30余米。</p><p class=\"ql-align-justify\">	正常水位下，千岛湖面积约580平方千米，蓄水量178亿立方米，湖区内拥有1078座岛屿，并且多为2平方公里的小岛，岛屿面积共409平方千米，在1984年12月15日浙江省地名委员会正式将新安江水库命名为“千岛湖”。（这也是千岛之湖——千岛湖的由来）</p><p class=\"ql-align-justify\">	<img width=600px height=350px src=\"http://p4.diaoyur.cn/group4/M00/0A/F5/cjd0iVKW8uAUObNrF4xwEvnjkZ6J7.jpeg\"></p><p class=\"ql-align-justify\">	新安江大坝泄洪</p><p class=\"ql-align-justify\">	新安江水库即千岛湖上游流域面积为10442平方千米，其中60%在安徽境内，入库河流有33条，新安江是主要的入库河流，占总流量的60%，换水周期为2年，水质为国家一级水体，被誉为“天下第一秀水”。并且为农夫山泉4大取水地之一，可见千岛湖的水质有多好。</p><h2 class=\"ql-align-justify\">	二、千岛湖蓝藻爆发</h2><p class=\"ql-align-justify\">	虽说千岛湖面积大，并且汇入的河流众多，但是曾经也被蓝藻污染！虽然一些污染型企业早已搬走，但是在1998年至1999年，一向无比纯净的千岛湖竟连续两年在局部水域季节性漂浮起了一层蓝绿色的藻类——蓝藻水华，严重影响水质。</p><p class=\"ql-align-justify\">	蓝藻又叫蓝绿藻，在所有藻类生物中，蓝藻是最简单最原始的一种，蓝藻水高发期在夏季的6-9月。因为在每年这段时间，随着温度的升高，阳光的直射光照时间长，水体营养物质过剩，蓝藻浮出水面并且迅速繁殖，形成蓝藻水华的现象。</p><p class=\"ql-align-justify\">	<img width=600px height=350px src=\"http://p1.diaoyur.cn/group1/M00/14/77/cjd0iVLs8-VFBuR3xGAMp6w2rng0Y.jpeg\"></p><p class=\"ql-align-justify\">	水面被蓝藻覆盖</p><p class=\"ql-align-justify\">	而当时千岛湖湖面上<a href=\"http://www.diaoyur.com/baike/19551.html\" rel=\"noopener noreferrer\" target=\"_blank\" style=\"color: rgb(0, 153, 0); background-color: transparent;\">网箱</a>养殖面积大，投喂饲料不均匀，导致蓝藻爆发，水面被蓝藻覆盖，严重的地方甚至在水面形成一层薄膜。随着蓝藻的大量繁殖遮蔽了阳光，水域内的光照减少，隔绝了水体氧气交换，造成水体内其他藻类死亡，以及鱼类的缺氧。</p><h2 class=\"ql-align-justify\">	三、治理千岛湖</h2><p class=\"ql-align-justify\">	治理千岛湖迫在眉睫，但是这么大的湖面，如果靠人力治理难度很大，也不现实。经过上海海洋大学教授论证，从而采用生物祛除蓝藻的方式治理。被选中的鱼就是鲢鱼和鳙鱼，因为这两种鱼都是滤食性鱼类。</p><p class=\"ql-align-justify\">	<img width=600px height=350px src=\"http://p6.diaoyur.cn/group6/M00/06/F2/cjd0iVHVLt6O7PQi9wsZglEWC0XaT.jpeg\"></p><p class=\"ql-align-justify\">	蓝藻爆发，鱼类缺氧而死</p><p class=\"ql-align-justify\">	鲢鱼为鲤科，鲢属鱼类，主要活跃在水上层，为滤食性鱼类，通过鱼鳃过滤水中的浮游植物为食，能够起到净化水质的作用。幼鱼期主要以浮游动物为食，稚鱼期后主要以滤食浮游植物（藻类）为生，兼食浮游动物等，能够吞食大量的藻类，可以有效的抑制水域内的藻类的生长。</p><p class=\"ql-align-justify\">	鳙鱼为鲤科，鲢亚科鳙属鱼类，又叫花鲢，为滤食性鱼类，它和鲢鱼最大的不同是，鳙鱼主要食用水域内的浮游动物，比如：轮虫、枝角类、桡足类等浮游动物，也会食用少量浮游植物。</p><p class=\"ql-align-justify\">	鲢鱼以浮游植物为食、鳙鱼以浮游动物为食，用它们相结合，能够减少水域内的蓝藻和其他浮游动物吗？这是需要大量的时间才能得到数据！工作人员在湖区设置一个高60米、长770米的围网，专门在里面放养大量的鲢鱼、鳙鱼做实验，并规定在3年内禁止任何单位和个人捕捞。</p><p class=\"ql-align-justify\">	<img width=600px height=350px src=\"http://p1.diaoyur.cn/group1/M00/14/77/cjd0iV5gSyPJznaMBH62vNeQkmTDZ.jpeg\"></p><p class=\"ql-align-justify\">	3年后，放养区内水质明显变好，蓝藻越来越少，鲢鳙不负众望，解决了蓝藻的问题。并且湖体的总氮、总磷含量明显降低。原来鲢鳙鱼不但以蓝藻为食，还能吸收掉水中的矿物质——磷。</p><p class=\"ql-align-justify\">	磷大家对他并不陌生，生活垃圾、一些化工原料中都含有大量的磷，并且磷是农业生产中经常使用的一种肥料，能够促进农作物生长。俗称的“氮磷钾”里面的磷，就是溶解于水中的矿物质磷。同时磷也是蓝藻生长的必须养分，随着水域内磷的减少，等于抽走了蓝藻的养料，不得不说这就是治理蓝藻的秘密，采用生物治理的方式从根本上断绝蓝藻的生存条件。</p><p class=\"ql-align-justify\">	值得一提的特别是鲢鱼，体重每增长1公斤，就能消耗掉40公斤的藻类，堪称“蓝藻杀手”。并且用鲢鳙改善水质的成本很低，又能够产生经济效益，真正是“两全其美”，从此以后，鲢鳙在千岛湖被大规模放养。</p><p class=\"ql-align-justify\">	<img width=600px height=350px src=\"http://p2.diaoyur.cn/group2/M00/0A/F4/cjd0iVVbMQR-JIBzrSU520Es7GPkx.jpeg\"></p><h2 class=\"ql-align-justify\">	四、千岛湖的新生</h2><p class=\"ql-align-justify\">	从1999年后的4年，千岛湖投放鲢鳙鱼苗高达45000万尾，用以改善水质，将鲢鳙作为调节水质，抑制蓝藻生长的“黄雀”。随着水质的越来越好，千岛湖水质已经从中富营养化转变为中营养化，并且在晴朗的天气下，水质透明度高达12米，这个水质国内很少见。</p><p class=\"ql-align-justify\">	与此同时产生了巨大的经济效益，湖区鲢鳙的产量也在不断升高，2000年淳安县向全国市场供应的鲢鳙只有200吨左右，到了2017年，市场供应量就达到了3472吨，2019年更是突破了4000吨。而千岛湖鲢鳙的价格，更是将近30元一斤，不得不说鲢鳙这个价格并不便宜。</p><p class=\"ql-align-justify\">	不得不说，除了净化水质清除蓝藻外，还盘活了千岛湖的养殖业和旅游业，是三赢的局面。时间得到了2014年，随着《舌尖上中国2》推出后，更是让千岛湖有机鱼响彻国内外，除了宣传千岛湖的鲢鳙和水生环境，也让千岛湖周边的旅游业更上一层楼。</p><p class=\"ql-align-justify\">	<img width=600px height=350px src=\"http://p4.diaoyur.cn/group4/M00/0A/F5/cjd0iVXZywS8l0IaLJmQE-Ncf5gni.jpeg\"></p><p class=\"ql-align-justify\">	千岛湖捕鱼</p><p class=\"ql-align-justify\">	总结：其实大家都知道，我国水质污染比较严重，不管是各大湖泊还是水库河流，一类水质很少，究其原因还是化工企业、生活污水等污染源的存在，有些污染无法避免，但是是可以减轻的。而千岛湖这种成功的模式，是可以复制的。</p><p class=\"ql-align-justify\">	这种模式，很多地方都比较合适，特别是鲢鱼和鳙鱼，很适合散养，不仅不用投喂饲料节约养殖成本，并且还能产生巨大的经济效益，可以说开发潜力巨大，并且已经经过科学的论证。#千岛湖#</p><p class=\"ql-align-justify\">	最后：千岛湖虽然钓鱼办证但是不能钓鲢鳙，主要为了湖水的水质，各位<a href=\"http://www.diaoyur.com/baike/17384.html\" rel=\"noopener noreferrer\" target=\"_blank\" style=\"color: rgb(0, 153, 0); background-color: transparent;\">钓友</a>误钓鲢鳙后一定要放生。即使在其他水域内垂钓目标鱼尽量不选鲢鳙，因为随着鲢鳙的增加，水质会慢慢变好，希望水域内的鲢鳙越来越多，希望<a href=\"http://www.diaoyur.com/baike/17384.html\" rel=\"noopener noreferrer\" target=\"_blank\" style=\"color: rgb(0, 153, 0); background-color: transparent;\">钓友</a>们为保护环境尽自己的一点微薄之力。</p><p><br></p>', '2021-02-08 09:28:44', '4', '投放、千岛湖', '30', null, null, null, null, 'http://127.0.0.1:8888/public/images/1612747683502.jpeg', '文章');
INSERT INTO `f_article` VALUES ('26', '从千岛湖投放鱼苗牵扯出，湖水透明度高达12米的秘密', '<blockquote class=\"ql-align-justify\">	<span style=\"background-color: rgb(246, 248, 249); color: rgb(152, 152, 152);\">1月13日千岛湖开始首场鲢</span><a href=\"http://www.diaoyur.com/baike/17048.html\" rel=\"noopener noreferrer\" target=\"_blank\" style=\"background-color: transparent; color: rgb(0, 153, 0);\">鳙鱼</a><span style=\"background-color: rgb(246, 248, 249); color: rgb(152, 152, 152);\">增殖放流，7万余尾鲢</span><a href=\"http://www.diaoyur.com/baike/17048.html\" rel=\"noopener noreferrer\" target=\"_blank\" style=\"background-color: transparent; color: rgb(0, 153, 0);\">鳙鱼</a><span style=\"background-color: rgb(246, 248, 249); color: rgb(152, 152, 152);\">苗被投放进千岛湖，通过加大渔业资源增殖保护力度，从而保护水生生态环境。—来源《浙视频》</span></blockquote><p class=\"ql-align-justify\">	看到这则视频，不禁心里有个疑问，那就是千岛湖的鲢鳙这么多，每年产量高达4000吨，为何还要增殖放流鱼苗？其实你不知道的是，虽然鲢鳙很普通，但是它们却是千岛湖湖水透明度高达12米的“秘密”。</p><p class=\"ql-align-justify\">	<img width=600px height=350px src=\"http://p6.diaoyur.cn/group6/M00/06/F2/cjd0iVW36TO4lr7waNixCFeYhcMzo.jpeg\"></p><h2 class=\"ql-align-justify\">	一、千岛湖的由来</h2><p class=\"ql-align-justify\">	千岛湖位于浙江省杭州市淳安县，又叫新安江水库，是新安江上游的人工湖，于1955年开始建设，1960年建成，水库坝高105米，长462米。水库周长约150千米，最宽处超过10千米，最深处超过100米，平均水深30余米。</p><p class=\"ql-align-justify\">	正常水位下，千岛湖面积约580平方千米，蓄水量178亿立方米，湖区内拥有1078座岛屿，并且多为2平方公里的小岛，岛屿面积共409平方千米，在1984年12月15日浙江省地名委员会正式将新安江水库命名为“千岛湖”。（这也是千岛之湖——千岛湖的由来）</p><p class=\"ql-align-justify\">	<img width=600px height=350px src=\"http://p4.diaoyur.cn/group4/M00/0A/F5/cjd0iVKW8uAUObNrF4xwEvnjkZ6J7.jpeg\"></p><p class=\"ql-align-justify\">	新安江大坝泄洪</p><p class=\"ql-align-justify\">	新安江水库即千岛湖上游流域面积为10442平方千米，其中60%在安徽境内，入库河流有33条，新安江是主要的入库河流，占总流量的60%，换水周期为2年，水质为国家一级水体，被誉为“天下第一秀水”。并且为农夫山泉4大取水地之一，可见千岛湖的水质有多好。</p><h2 class=\"ql-align-justify\">	二、千岛湖蓝藻爆发</h2><p class=\"ql-align-justify\">	虽说千岛湖面积大，并且汇入的河流众多，但是曾经也被蓝藻污染！虽然一些污染型企业早已搬走，但是在1998年至1999年，一向无比纯净的千岛湖竟连续两年在局部水域季节性漂浮起了一层蓝绿色的藻类——蓝藻水华，严重影响水质。</p><p class=\"ql-align-justify\">	蓝藻又叫蓝绿藻，在所有藻类生物中，蓝藻是最简单最原始的一种，蓝藻水高发期在夏季的6-9月。因为在每年这段时间，随着温度的升高，阳光的直射光照时间长，水体营养物质过剩，蓝藻浮出水面并且迅速繁殖，形成蓝藻水华的现象。</p><p class=\"ql-align-justify\">	<img width=600px height=350px src=\"http://p1.diaoyur.cn/group1/M00/14/77/cjd0iVLs8-VFBuR3xGAMp6w2rng0Y.jpeg\"></p><p class=\"ql-align-justify\">	水面被蓝藻覆盖</p><p class=\"ql-align-justify\">	而当时千岛湖湖面上<a href=\"http://www.diaoyur.com/baike/19551.html\" rel=\"noopener noreferrer\" target=\"_blank\" style=\"color: rgb(0, 153, 0); background-color: transparent;\">网箱</a>养殖面积大，投喂饲料不均匀，导致蓝藻爆发，水面被蓝藻覆盖，严重的地方甚至在水面形成一层薄膜。随着蓝藻的大量繁殖遮蔽了阳光，水域内的光照减少，隔绝了水体氧气交换，造成水体内其他藻类死亡，以及鱼类的缺氧。</p><h2 class=\"ql-align-justify\">	三、治理千岛湖</h2><p class=\"ql-align-justify\">	治理千岛湖迫在眉睫，但是这么大的湖面，如果靠人力治理难度很大，也不现实。经过上海海洋大学教授论证，从而采用生物祛除蓝藻的方式治理。被选中的鱼就是鲢鱼和鳙鱼，因为这两种鱼都是滤食性鱼类。</p><p class=\"ql-align-justify\">	<img width=600px height=350px src=\"http://p6.diaoyur.cn/group6/M00/06/F2/cjd0iVHVLt6O7PQi9wsZglEWC0XaT.jpeg\"></p><p class=\"ql-align-justify\">	蓝藻爆发，鱼类缺氧而死</p><p class=\"ql-align-justify\">	鲢鱼为鲤科，鲢属鱼类，主要活跃在水上层，为滤食性鱼类，通过鱼鳃过滤水中的浮游植物为食，能够起到净化水质的作用。幼鱼期主要以浮游动物为食，稚鱼期后主要以滤食浮游植物（藻类）为生，兼食浮游动物等，能够吞食大量的藻类，可以有效的抑制水域内的藻类的生长。</p><p class=\"ql-align-justify\">	鳙鱼为鲤科，鲢亚科鳙属鱼类，又叫花鲢，为滤食性鱼类，它和鲢鱼最大的不同是，鳙鱼主要食用水域内的浮游动物，比如：轮虫、枝角类、桡足类等浮游动物，也会食用少量浮游植物。</p><p class=\"ql-align-justify\">	鲢鱼以浮游植物为食、鳙鱼以浮游动物为食，用它们相结合，能够减少水域内的蓝藻和其他浮游动物吗？这是需要大量的时间才能得到数据！工作人员在湖区设置一个高60米、长770米的围网，专门在里面放养大量的鲢鱼、鳙鱼做实验，并规定在3年内禁止任何单位和个人捕捞。</p><p class=\"ql-align-justify\">	<img width=600px height=350px src=\"http://p1.diaoyur.cn/group1/M00/14/77/cjd0iV5gSyPJznaMBH62vNeQkmTDZ.jpeg\"></p><p class=\"ql-align-justify\">	3年后，放养区内水质明显变好，蓝藻越来越少，鲢鳙不负众望，解决了蓝藻的问题。并且湖体的总氮、总磷含量明显降低。原来鲢鳙鱼不但以蓝藻为食，还能吸收掉水中的矿物质——磷。</p><p class=\"ql-align-justify\">	磷大家对他并不陌生，生活垃圾、一些化工原料中都含有大量的磷，并且磷是农业生产中经常使用的一种肥料，能够促进农作物生长。俗称的“氮磷钾”里面的磷，就是溶解于水中的矿物质磷。同时磷也是蓝藻生长的必须养分，随着水域内磷的减少，等于抽走了蓝藻的养料，不得不说这就是治理蓝藻的秘密，采用生物治理的方式从根本上断绝蓝藻的生存条件。</p><p class=\"ql-align-justify\">	值得一提的特别是鲢鱼，体重每增长1公斤，就能消耗掉40公斤的藻类，堪称“蓝藻杀手”。并且用鲢鳙改善水质的成本很低，又能够产生经济效益，真正是“两全其美”，从此以后，鲢鳙在千岛湖被大规模放养。</p><p class=\"ql-align-justify\">	<img width=600px height=350px src=\"http://p2.diaoyur.cn/group2/M00/0A/F4/cjd0iVVbMQR-JIBzrSU520Es7GPkx.jpeg\"></p><h2 class=\"ql-align-justify\">	四、千岛湖的新生</h2><p class=\"ql-align-justify\">	从1999年后的4年，千岛湖投放鲢鳙鱼苗高达45000万尾，用以改善水质，将鲢鳙作为调节水质，抑制蓝藻生长的“黄雀”。随着水质的越来越好，千岛湖水质已经从中富营养化转变为中营养化，并且在晴朗的天气下，水质透明度高达12米，这个水质国内很少见。</p><p class=\"ql-align-justify\">	与此同时产生了巨大的经济效益，湖区鲢鳙的产量也在不断升高，2000年淳安县向全国市场供应的鲢鳙只有200吨左右，到了2017年，市场供应量就达到了3472吨，2019年更是突破了4000吨。而千岛湖鲢鳙的价格，更是将近30元一斤，不得不说鲢鳙这个价格并不便宜。</p><p class=\"ql-align-justify\">	不得不说，除了净化水质清除蓝藻外，还盘活了千岛湖的养殖业和旅游业，是三赢的局面。时间得到了2014年，随着《舌尖上中国2》推出后，更是让千岛湖有机鱼响彻国内外，除了宣传千岛湖的鲢鳙和水生环境，也让千岛湖周边的旅游业更上一层楼。</p><p class=\"ql-align-justify\">	<img width=600px height=350px src=\"http://p4.diaoyur.cn/group4/M00/0A/F5/cjd0iVXZywS8l0IaLJmQE-Ncf5gni.jpeg\"></p><p class=\"ql-align-justify\">	千岛湖捕鱼</p><p class=\"ql-align-justify\">	总结：其实大家都知道，我国水质污染比较严重，不管是各大湖泊还是水库河流，一类水质很少，究其原因还是化工企业、生活污水等污染源的存在，有些污染无法避免，但是是可以减轻的。而千岛湖这种成功的模式，是可以复制的。</p><p class=\"ql-align-justify\">	这种模式，很多地方都比较合适，特别是鲢鱼和鳙鱼，很适合散养，不仅不用投喂饲料节约养殖成本，并且还能产生巨大的经济效益，可以说开发潜力巨大，并且已经经过科学的论证。#千岛湖#</p><p class=\"ql-align-justify\">	最后：千岛湖虽然钓鱼办证但是不能钓鲢鳙，主要为了湖水的水质，各位<a href=\"http://www.diaoyur.com/baike/17384.html\" rel=\"noopener noreferrer\" target=\"_blank\" style=\"color: rgb(0, 153, 0); background-color: transparent;\">钓友</a>误钓鲢鳙后一定要放生。即使在其他水域内垂钓目标鱼尽量不选鲢鳙，因为随着鲢鳙的增加，水质会慢慢变好，希望水域内的鲢鳙越来越多，希望<a href=\"http://www.diaoyur.com/baike/17384.html\" rel=\"noopener noreferrer\" target=\"_blank\" style=\"color: rgb(0, 153, 0); background-color: transparent;\">钓友</a>们为保护环境尽自己的一点微薄之力。</p><p><br></p>', '2021-02-08 09:28:44', '4', '投放、千岛湖', '30', null, null, null, null, 'http://127.0.0.1:8888/public/images/1612747683502.jpeg', '文章');
INSERT INTO `f_article` VALUES ('27', '论新手还是老手，钓鱼中的这些尬事，躲都躲不掉', 'http://127.0.0.1:8888/public/videos/1612498444498.mp4', '2021-02-09 16:47:23', '1', '渔具', '7', null, null, null, '2', 'http://127.0.0.1:8888/public/images/1612498197304.jpeg', '视频');
INSERT INTO `f_article` VALUES ('28', '冬雨蒙蒙作钓忙 天气阴冷鱼欠口', 'http://127.0.0.1:8888/public/videos/1612499134374.mp4', '2021-02-09 12:15:17', '1', '海钓', '21', '', '', '', '6', 'http://127.0.0.1:8888/public/images/1612499040534.jpeg', '视频');
INSERT INTO `f_article` VALUES ('29', '论新手还是老手，钓鱼中的这些尬事，躲都躲不掉', 'http://127.0.0.1:8888/public/videos/1612498444498.mp4', '2021-02-09 17:21:02', '1', '渔具', '7', '0', '1', '0', '6', 'http://127.0.0.1:8888/public/images/1612498197304.jpeg', '视频');
INSERT INTO `f_article` VALUES ('30', '冬雨蒙蒙作钓忙 天气阴冷鱼欠口', 'http://127.0.0.1:8888/public/videos/1612499134374.mp4', '2021-02-09 16:48:10', '1', '海钓', '21', '0', '1', '0', '2', 'http://127.0.0.1:8888/public/images/1612499040534.jpeg', '视频');
INSERT INTO `f_article` VALUES ('31', '123123', '<p>dhashdq</p><p>wd</p><p>qwd</p><p>qw</p><p>d</p><p>qd</p><p>qw</p><p>d</p><p>qw</p><p>dq</p><p>wdwefwewefwefwew </p><p><br></p><p>er二维</p><p><br></p><p>二维<img width=100% height=100% src=\"http://127.0.0.1:8888/public/images/1612861547652.jpeg\"></p>', '2021-02-09 17:13:57', '1', '渔具', '3', null, null, null, '4', 'http://127.0.0.1:8888/public/images/1612861533119.jpeg', '文章');
INSERT INTO `f_article` VALUES ('32', '为何你的竿稍经常断？主因只有三个，稍微注意就不会', '<p class=\"ql-align-justify\">讲实话，<a href=\"http://www.diaoyur.com/\" rel=\"noopener noreferrer\" target=\"_blank\" style=\"background-color: transparent; color: rgb(0, 153, 0);\">钓鱼人</a>每年都要断几次竿稍，断竿稍的途径可以说花样繁多，有个共同点就是：真的只有极少是因为溜鱼而断的。很多<a href=\"http://www.diaoyur.com/baike/17384.html\" rel=\"noopener noreferrer\" target=\"_blank\" style=\"background-color: transparent; color: rgb(0, 153, 0);\">钓友</a>担心大鱼把鱼竿拉断，但最终鱼没有拉断而是自己整断了。</p><p class=\"ql-align-justify\"><img width=100% height=100% src=\"http://127.0.0.1:8888/public/images/1612662274129.jpeg\" height=\"100%px\" width=\"100%px\"></p><p class=\"ql-align-justify\">旋转竿稍容易脱落</p><p class=\"ql-align-justify\">所以很多卖鱼竿的商家免费配节的要求就是：<strong>被鱼拉断的，如果你是不小心弄断的不会给你配节，</strong>个中区别其实很容易区分，懂行的一看就知道你是不是被鱼拉断的。这个有个小技巧给大家，拍照的时候不要拍竿稍进来，直接说被鱼拉走了，只拍剩下的部分。当然也有不管怎么断的都配节的，给某鼎点个赞，29块钱搞活动买了一根4.5的杆子用了五年免费配节了3次，钓了数百斤鱼了现在还在用（经常看视频的<a href=\"http://www.diaoyur.com/baike/17384.html\" rel=\"noopener noreferrer\" target=\"_blank\" style=\"background-color: transparent; color: rgb(0, 153, 0);\">钓友</a>应该可以看到我用这根竿）。</p><p class=\"ql-align-justify\">按时大大</p><p class=\"ql-align-justify\">asdasdasdasd </p><p class=\"ql-align-justify\"><br></p><p class=\"ql-align-justify\">sa的</p><p class=\"ql-align-justify\">鱼竿的垂直拉力很小</p><p class=\"ql-align-justify\">蓑笠哥钓了这么多年鱼，只有一次溜鱼（叉尾鮰）的时候竿稍断了，但是我感觉那次是因为受伤了。今年就断过一次鲫鱼竿的竿稍，但是是在<a href=\"http://www.diaoyur.com/baike/17796.html\" rel=\"noopener noreferrer\" target=\"_blank\" style=\"background-color: transparent; color: rgb(0, 153, 0);\">线组</a>上树之后真的只是轻轻一碰就断了，之前拉十来斤的鱼都没有断，这轻轻一碰的力道最多三两。</p><p class=\"ql-align-justify\"><br></p><p class=\"ql-align-justify\">这条鱼断了竿稍</p><p class=\"ql-align-justify\">今天蓑笠哥（资深断竿稍者）结合自己的经验和这些年自己和身边钓友断竿稍的情况来讲讲如何防止断竿稍。前些年一年要配五六根竿稍，这两年才配了一根竿稍，而且因为没有看到马虎大意的问题。</p><p class=\"ql-align-justify\"><strong>不</strong><a href=\"http://www.diaoyur.com/baike/19848.html\" rel=\"noopener noreferrer\" target=\"_blank\" style=\"background-color: transparent; color: rgb(0, 153, 0);\"><strong>抛满竿</strong></a><strong>容易断竿稍</strong></p><p class=\"ql-align-justify\">倒不是因为不<a href=\"http://www.diaoyur.com/baike/19848.html\" rel=\"noopener noreferrer\" target=\"_blank\" style=\"background-color: transparent; color: rgb(0, 153, 0);\">抛满竿</a>本身会导致断杆，只不过没有抛满竿竿稍绳附近的<a href=\"http://www.diaoyur.com/baike/18048.html\" rel=\"noopener noreferrer\" target=\"_blank\" style=\"background-color: transparent; color: rgb(0, 153, 0);\">鱼线</a>很容和竿稍缠绕到一起，这样你一旦用力抽竿的时候用力的<a href=\"http://www.diaoyur.com/baike/18048.html\" rel=\"noopener noreferrer\" target=\"_blank\" style=\"background-color: transparent; color: rgb(0, 153, 0);\">鱼线</a>可能在竿稍后面十来公分的地方。不中鱼还好，一旦中鱼很容易从受力点就断了。</p><p class=\"ql-align-justify\">所以我们在竿稍缠绕的时候一定要解开之后再抛投，拉着线甩几下不会有问题，实在不行就收起来解开之后再抛投，这样会降低断竿稍的概率。</p><p class=\"ql-align-justify\"><br></p><p class=\"ql-align-justify\">尽量抛满竿钓鱼</p><p class=\"ql-align-justify\"><a href=\"http://www.diaoyur.com/baike/17929.html\" rel=\"noopener noreferrer\" target=\"_blank\" style=\"background-color: transparent; color: rgb(0, 153, 0);\"><strong>挂底</strong></a><strong>后拔河容易断竿稍</strong></p><p class=\"ql-align-justify\">拔河本身不会导致断竿稍，因为竿稍纵向拉力特别的大，只不过有可能直接把结抽出来，事实上这样的情况现在极少发生，只要你的竿子超过80块钱一根就不会，如果有那就是厂家太坑了。</p><p class=\"ql-align-justify\">拔河的时候你要把杆子收起来拔，要不然横向受力你拿住杆子前面一两节拔河很容易断的，就算拔的时候没有断线断了之后你会控制不了后退这样就断了。正确的操作是把杆子收起来留最后一节拔河，如果条件允许最好是把<a href=\"http://www.diaoyur.com/baike/17811.html\" rel=\"noopener noreferrer\" target=\"_blank\" style=\"background-color: transparent; color: rgb(0, 153, 0);\">主线</a>解下来杆子收好放到旁边再拿<a href=\"http://www.diaoyur.com/baike/17811.html\" rel=\"noopener noreferrer\" target=\"_blank\" style=\"background-color: transparent; color: rgb(0, 153, 0);\">主线</a>拔。</p><p class=\"ql-align-justify\">拔河之后竿稍可能会卡节弄不回去了，这个时候你要把卡节的那两节拿出来，在地上铺一块毛巾（不要铺在水泥地板上面，木板可以），然后拿住头头举过头顶使劲往毛巾上怼，最后要丢出去，往复几次卡节就松了。</p><p class=\"ql-align-justify\"><img width=100% height=100% src=\"http://127.0.0.1:8888/public/images/1612662285038.jpeg\" height=\"100%px\" width=\"100%px\"></p><p class=\"ql-align-justify\"><a href=\"http://www.diaoyur.com/baike/17929.html\" rel=\"noopener noreferrer\" target=\"_blank\" style=\"background-color: transparent; color: rgb(0, 153, 0);\">挂底</a>后要直拔</p><p class=\"ql-align-justify\"><strong>上树后容易断竿稍</strong></p><p class=\"ql-align-justify\">上树之后其实和挂底拔河是一样的，往往你狂拔的时候竿稍不会断，但是后面一个不小心的动作竿稍就断了。解决方法其实和挂底时候一样，解开竿稍主线，把杆子收好之后再拔。如果够不到就用一根棍子上面绑一根香烟去烫断了算了，至于浮漂可以从新弄一副主线后用竿稍和主线夹住拉下了。</p><p class=\"ql-align-justify\">值得留意的是：<strong>上树拔</strong><a href=\"http://www.diaoyur.com/baike/17796.html\" rel=\"noopener noreferrer\" target=\"_blank\" style=\"background-color: transparent; color: rgb(0, 153, 0);\"><strong>线组</strong></a><strong>的时候你千万不要光着手拔，</strong>最好包着毛巾然后背对着拔。要不然脱掉之后那个<a href=\"http://www.diaoyur.com/baike/18200.html\" rel=\"noopener noreferrer\" target=\"_blank\" style=\"background-color: transparent; color: rgb(0, 153, 0);\">铅坠</a>很容易打到手，别问我怎么知道的，打到的那一刻我眼泪都流出来了，过了两个多月才好。</p><p class=\"ql-align-justify\"><br></p><p class=\"ql-align-justify\">上树挂草都容易断竿稍</p><p class=\"ql-align-justify\"><strong>垂直溜鱼容易断竿稍</strong></p><p class=\"ql-align-justify\">我们溜鱼的时候最为脆弱的就是垂直拉力，就是竿子垂直立起来我们用线向下面拉。这并不代表杆子差，因为杆子溜鱼主要是靠腰力，所以我们应该尽量避免用垂直拉力溜鱼，就算是<a href=\"http://www.diaoyur.com/baike/17954.html\" rel=\"noopener noreferrer\" target=\"_blank\" style=\"background-color: transparent; color: rgb(0, 153, 0);\">抄鱼</a>的时候尽量让杆子后仰一点点，而且快速<a href=\"http://www.diaoyur.com/baike/17954.html\" rel=\"noopener noreferrer\" target=\"_blank\" style=\"background-color: transparent; color: rgb(0, 153, 0);\">抄鱼</a>，如果没有抄到它发力跑了，进快调整杆子的角度不要垂直受力，要不然它一旦发力爆竿稍只需要一秒。</p><p class=\"ql-align-justify\"><img width=100% height=100% src=\"http://127.0.0.1:8888/public/images/1612662291658.jpeg\" height=\"100%px\" width=\"100%px\"></p><p class=\"ql-align-justify\">用满弓拉力而不是垂直拉力</p><p class=\"ql-align-justify\"><strong>竿堵不应该夹着竿稍绳</strong></p><p class=\"ql-align-justify\">因为这个问题断竿稍的情况及少，蓑笠哥钓了二十多年于还只有发生过一次。可能因为竿稍绳被竿堵夹住，这竿稍和最外面那层竿壁就会形成一个夹角，然后其他竿壁在运动过程中会向前冲过来，往复几次竿稍就有可能会断，竿稍被固定离竿壁越近越容易断。</p><p class=\"ql-align-justify\"><br></p><p class=\"ql-align-justify\">竿堵不要夹着竿稍绳</p><p class=\"ql-align-justify\"><strong>旋转竿稍改成普通竿稍绳</strong></p><p class=\"ql-align-justify\">不论是多大品牌，旋转竿稍都有一定的概率自己脱落，尤其是使用一段时间后里面会进水锈蚀。所以买竿回家确定要使用之后直接用尖嘴钳把前面一点夹掉（前面旋转的地方后面留点金属）然后套一个竿稍绳进去，用AB胶水就很好，或者是502。这一点只是建议，因为很多<a href=\"http://www.diaoyur.com/\" rel=\"noopener noreferrer\" target=\"_blank\" style=\"background-color: transparent; color: rgb(0, 153, 0);\">钓鱼人</a>喜欢旋转竿稍，我个人不喜欢，旋转没有什么作用不说钓到大鱼经常被拉脱。</p>', '2021-02-09 17:21:47', '1', '鱼竿、渔具', '3', null, null, null, null, 'http://127.0.0.1:8888/public/images/1612662231306.jpeg', '文章');

-- ----------------------------
-- Table structure for f_article_info
-- ----------------------------
DROP TABLE IF EXISTS `f_article_info`;
CREATE TABLE `f_article_info` (
  `info_id` int(11) NOT NULL AUTO_INCREMENT,
  `info_type` varchar(11) NOT NULL DEFAULT '0',
  `comment_info` varchar(255) DEFAULT NULL,
  `user_id` int(11) NOT NULL,
  `article_id` int(11) NOT NULL,
  `ct` datetime DEFAULT NULL,
  PRIMARY KEY (`info_id`)
) ENGINE=InnoDB AUTO_INCREMENT=49 DEFAULT CHARSET=utf8mb4;

-- ----------------------------
-- Records of f_article_info
-- ----------------------------
INSERT INTO `f_article_info` VALUES ('1', '收藏', null, '1', '3', '2021-02-08 10:57:07');
INSERT INTO `f_article_info` VALUES ('2', '收藏', '', '1', '3', '2021-02-08 10:57:07');
INSERT INTO `f_article_info` VALUES ('4', '收藏', '', '1', '8', '2021-02-08 10:57:07');
INSERT INTO `f_article_info` VALUES ('5', '收藏', '', '1', '9', '2021-02-08 10:57:07');
INSERT INTO `f_article_info` VALUES ('6', '收藏', '', '1', '10', '2021-02-08 10:57:07');
INSERT INTO `f_article_info` VALUES ('7', '收藏', '', '1', '11', '2021-02-08 10:57:07');
INSERT INTO `f_article_info` VALUES ('9', '收藏', '', '1', '13', '2021-02-08 10:57:07');
INSERT INTO `f_article_info` VALUES ('10', '收藏', '', '1', '14', '2021-02-08 10:57:07');
INSERT INTO `f_article_info` VALUES ('11', '收藏', '', '1', '24', '2021-02-08 10:57:07');
INSERT INTO `f_article_info` VALUES ('15', '点赞', '', '1', '9', '2021-02-08 10:57:07');
INSERT INTO `f_article_info` VALUES ('16', '点赞', '', '1', '10', '2021-02-08 10:57:07');
INSERT INTO `f_article_info` VALUES ('17', '点赞', '', '1', '11', '2021-02-08 10:57:07');
INSERT INTO `f_article_info` VALUES ('18', '点赞', '', '1', '12', '2021-02-08 10:57:07');
INSERT INTO `f_article_info` VALUES ('19', '点赞', '', '1', '13', '2021-02-08 10:57:07');
INSERT INTO `f_article_info` VALUES ('20', '点赞', '', '1', '14', '2021-02-08 10:57:07');
INSERT INTO `f_article_info` VALUES ('21', '点赞', '', '1', '24', '2021-02-08 10:57:07');
INSERT INTO `f_article_info` VALUES ('25', '评论', '11111', '1', '19', '2021-02-08 15:58:28');
INSERT INTO `f_article_info` VALUES ('29', '收藏', '', '1', '19', '2021-02-08 16:26:34');
INSERT INTO `f_article_info` VALUES ('30', '评论', '2222', '1', '19', '2021-02-08 16:30:09');
INSERT INTO `f_article_info` VALUES ('32', '评论', 'wuwuwu', '1', '19', '2021-02-08 16:57:10');
INSERT INTO `f_article_info` VALUES ('33', '收藏', '', '1', '15', '2021-02-08 17:27:50');
INSERT INTO `f_article_info` VALUES ('34', '评论', 'hahah', '1', '15', '2021-02-09 13:26:49');
INSERT INTO `f_article_info` VALUES ('35', '评论', '11', '1', '20', '2021-02-09 16:47:59');
INSERT INTO `f_article_info` VALUES ('36', '评论', '212', '1', '30', '2021-02-09 16:48:10');
INSERT INTO `f_article_info` VALUES ('37', '评论', '111', '1', '13', '2021-02-09 17:02:00');
INSERT INTO `f_article_info` VALUES ('38', '评论', '1212122', '1', '13', '2021-02-09 17:02:23');
INSERT INTO `f_article_info` VALUES ('39', '评论', '121212212', '1', '13', '2021-02-09 17:02:42');
INSERT INTO `f_article_info` VALUES ('40', '评论', '212', '1', '20', '2021-02-09 17:03:05');
INSERT INTO `f_article_info` VALUES ('41', '收藏', '', '1', '20', '2021-02-09 17:03:08');
INSERT INTO `f_article_info` VALUES ('42', '评论', '212', '1', '24', '2021-02-09 17:09:38');
INSERT INTO `f_article_info` VALUES ('43', '评论', '123123', '1', '18', '2021-02-09 17:13:04');
INSERT INTO `f_article_info` VALUES ('44', '评论', '123123', '1', '18', '2021-02-09 17:13:13');
INSERT INTO `f_article_info` VALUES ('46', '评论', '222', '1', '18', '2021-02-09 17:16:21');
INSERT INTO `f_article_info` VALUES ('47', '评论', '222', '1', '29', '2021-02-09 17:21:02');
INSERT INTO `f_article_info` VALUES ('48', '评论', '1111', '1', '29', '2021-02-09 17:21:06');

-- ----------------------------
-- Table structure for f_category
-- ----------------------------
DROP TABLE IF EXISTS `f_category`;
CREATE TABLE `f_category` (
  `id` int(11) NOT NULL AUTO_INCREMENT,
  `category_name` varchar(255) NOT NULL,
  `category_intro` varchar(255) DEFAULT NULL,
  `ct` timestamp NULL DEFAULT NULL ON UPDATE CURRENT_TIMESTAMP,
  `user_id` int(11) NOT NULL,
  `status` varchar(11) DEFAULT '1',
  `type` varchar(11) NOT NULL DEFAULT '0',
  PRIMARY KEY (`id`)
) ENGINE=InnoDB AUTO_INCREMENT=33 DEFAULT CHARSET=utf8mb4;

-- ----------------------------
-- Records of f_category
-- ----------------------------
INSERT INTO `f_category` VALUES ('2', '海钓', '海钓', '2021-02-07 16:28:31', '1', '1', '技巧');
INSERT INTO `f_category` VALUES ('3', '渔具', '渔具', '2021-02-09 14:52:34', '1', '1', '渔具');
INSERT INTO `f_category` VALUES ('5', '水域', '技巧', '2021-02-07 16:29:12', '1', '1', '技巧');
INSERT INTO `f_category` VALUES ('6', '鱼饵', '技巧', '2021-02-07 16:29:12', '1', '1', '饵料');
INSERT INTO `f_category` VALUES ('7', '台钓', '技巧', '2021-02-07 16:29:12', '1', '1', '技巧');
INSERT INTO `f_category` VALUES ('8', '夜钓', '技巧', '2021-02-07 16:29:12', '1', '1', '技巧');
INSERT INTO `f_category` VALUES ('9', '坑塘', '技巧', '2021-02-07 16:29:13', '1', '1', '技巧');
INSERT INTO `f_category` VALUES ('10', '调漂', '技巧', '2021-02-07 16:29:13', '1', '1', '技巧');
INSERT INTO `f_category` VALUES ('11', '钓法', '技巧', '2021-02-07 16:29:13', '1', '1', '技巧');
INSERT INTO `f_category` VALUES ('12', '钓技', '技巧', '2021-02-07 16:29:13', '1', '1', '技巧');
INSERT INTO `f_category` VALUES ('13', '传统', '技巧', '2021-02-07 16:29:13', '1', '1', '技巧');
INSERT INTO `f_category` VALUES ('14', '抛竿', '技巧', '2021-02-07 16:29:13', '1', '1', '技巧');
INSERT INTO `f_category` VALUES ('15', '鲫鱼', '技巧', '2021-02-07 16:29:14', '1', '1', '技巧');
INSERT INTO `f_category` VALUES ('16', '草鱼', '技巧', '2021-02-07 16:29:14', '1', '1', '技巧');
INSERT INTO `f_category` VALUES ('17', '鲤鱼', '技巧', '2021-02-07 16:29:14', '1', '1', '技巧');
INSERT INTO `f_category` VALUES ('18', '天气', '技巧', '2021-02-07 16:29:14', '1', '1', '技巧');
INSERT INTO `f_category` VALUES ('19', '竞技', '技巧', '2021-02-07 16:29:14', '1', '1', '技巧');
INSERT INTO `f_category` VALUES ('20', '冬钓', '技巧', '2021-02-07 16:29:14', '1', '1', '技巧');
INSERT INTO `f_category` VALUES ('21', '红虫', '饵料', '2021-02-07 16:29:14', '1', '1', '饵料');
INSERT INTO `f_category` VALUES ('22', '鲢鳙', '饵料', '2021-02-07 16:29:15', '1', '1', '饵料');
INSERT INTO `f_category` VALUES ('23', '小药', '饵料', '2021-02-07 16:29:15', '1', '1', '饵料');
INSERT INTO `f_category` VALUES ('24', '中药', '饵料', '2021-02-07 16:28:35', '1', '1', '饵料');
INSERT INTO `f_category` VALUES ('25', '蚯蚓', '饵料', '2021-02-07 16:29:15', '1', '1', '饵料');
INSERT INTO `f_category` VALUES ('26', '诱饵', '饵料', '2021-02-07 16:29:15', '1', '1', '饵料');
INSERT INTO `f_category` VALUES ('27', '爆炸', '饵料', '2021-02-07 16:29:15', '1', '1', '饵料');
INSERT INTO `f_category` VALUES ('28', '自制', '饵料', '2021-02-09 14:52:44', '1', '1', '渔具');
INSERT INTO `f_category` VALUES ('29', '商品', '饵料', '2021-02-07 16:28:47', '1', '1', '饵料');
INSERT INTO `f_category` VALUES ('30', '鲫鱼', '饵料', '2021-02-07 16:29:16', '1', '1', '饵料');
INSERT INTO `f_category` VALUES ('31', '草鱼', '饵料', '2021-02-07 16:29:16', '1', '1', '饵料');
INSERT INTO `f_category` VALUES ('32', '鲤鱼', '饵料', '2021-02-07 16:29:16', '1', '1', '饵料');

-- ----------------------------
-- Table structure for f_message
-- ----------------------------
DROP TABLE IF EXISTS `f_message`;
CREATE TABLE `f_message` (
  `id` int(11) NOT NULL DEFAULT '0',
  `from` int(11) NOT NULL,
  `to` int(11) NOT NULL,
  `message` varchar(255) NOT NULL,
  `ct` timestamp NULL DEFAULT NULL ON UPDATE CURRENT_TIMESTAMP,
  PRIMARY KEY (`id`)
) ENGINE=InnoDB DEFAULT CHARSET=utf8mb4;

-- ----------------------------
-- Records of f_message
-- ----------------------------

-- ----------------------------
-- Table structure for f_rotation_img
-- ----------------------------
DROP TABLE IF EXISTS `f_rotation_img`;
CREATE TABLE `f_rotation_img` (
  `id` int(11) NOT NULL AUTO_INCREMENT,
  `title` varchar(255) NOT NULL,
  `img_url` varchar(255) DEFAULT NULL,
  `info` varchar(255) DEFAULT NULL,
  `content` longtext,
  `sign` varchar(255) DEFAULT NULL,
  `type` varchar(255) NOT NULL,
  `user_id` int(11) DEFAULT NULL,
  `status` varchar(255) DEFAULT '0',
  `ct` datetime DEFAULT NULL,
  PRIMARY KEY (`id`)
) ENGINE=InnoDB AUTO_INCREMENT=18 DEFAULT CHARSET=utf8mb4;

-- ----------------------------
-- Records of f_rotation_img
-- ----------------------------
INSERT INTO `f_rotation_img` VALUES ('3', '春季作钓应该选择什么样的钓位才不会空军呢？', 'http://127.0.0.1:8888/public/images/1612662231306.jpeg', '春季作钓应该选择什么样的钓位才不会空军呢？', '<p class=\"ql-align-justify\">春季一个万物复苏的季节。由于鱼儿在经历了寒冬的休眠状态后，身体的在冬天也相对消耗过度。所以在春节活性就会相对有所提高，开始进行觅食来修补过度消耗的身体。春天也是一个气温相对舒适的季节，所以是钓鱼的好季节。</p><p class=\"ql-align-justify\">所谓:要想钓到鱼，<strong>三分靠技术，七分</strong><a href=\"http://www.diaoyur.com/a/diaoweixuanze.html\" rel=\"noopener noreferrer\" target=\"_blank\" style=\"background-color: transparent; color: rgb(0, 153, 0);\"><strong>选钓位</strong></a><strong>。</strong>就说明了<a href=\"http://www.diaoyur.com/a/diaoweixuanze.html\" rel=\"noopener noreferrer\" target=\"_blank\" style=\"background-color: transparent; color: rgb(0, 153, 0);\">选钓位</a>的重要性，那么哪些钓位适合春天作钓呢？下面看看我的分享:</p><p class=\"ql-align-justify\">sadasd</p><p class=\"ql-align-justify\">asd</p><p class=\"ql-align-justify\">asd</p><p class=\"ql-align-justify\">as</p><p class=\"ql-align-justify\">da</p><p class=\"ql-align-justify\">sd</p><p class=\"ql-align-justify\">asd</p><p class=\"ql-align-justify\">as</p><p class=\"ql-align-justify\">da</p><p class=\"ql-align-justify\">sd</p><p class=\"ql-align-justify\">asd</p><p class=\"ql-align-justify\"><br></p>', '春钓', '公告', '1', '1', '2021-02-04 16:21:56');
INSERT INTO `f_rotation_img` VALUES ('5', '鲶鲤大杀手 最后终于上一条，还是圆了心愿', 'http://127.0.0.1:8888/public/images/1612494341206.jpeg', '鲶鲤大杀手 最后终于上一条，还是圆了心愿', '<p class=\"ql-align-justify\">	有些人从出生的那一刻，就是含着“金钥匙”来的，他的一生注定了大富大贵，根本不需要自己努力也可以过得很好。而有些人就不一样了，他们出生在很普通的家庭，自己的人生得靠自己打拼！</p><p class=\"ql-align-justify\">	</p><p class=\"ql-align-justify\">	墨茶动态截图</p><p class=\"ql-align-justify\">	如果想过得好，就得比富人要付出很多倍的努力，才有可能过得像点样子！就比如说，这几天“过气”的up主墨茶！这里说他过气，并不是现在不红，而是在他在的时候，根本没有人知道他！</p><p class=\"ql-align-justify\">	而等他已经去另外一个世界的时候，人们才知道他！从他的身上，让我们普通人看到了很多，也有很多的地方值得学习！比如他的出身还有自己的经历，还有一些默默帮助他的人！总之，他并没有因为自己的身世，没有自己的痛苦去博得人们的同情，依然靠自己的双手，努力着！</p><p class=\"ql-align-justify\">	</p><p class=\"ql-align-justify\">	虽然这件事情，到现在也没有被证实真假！本人真希望这是假的，因为这样的人值得尊敬！之前我在写这篇文章的时候，有朋友说这是卖惨，不要相信！本人希望被骗，不希望这件事是真的！</p><p class=\"ql-align-justify\">	从一开始我看到以后，内心都是酸酸的，一个大老爷们，看到这样的事情。内心都觉得难受，可以看得出来底层作者的“通病”。所以我说，从墨茶的这件事情，折射出来钓鱼领域底层作者与其“同病相怜”。</p><p><br></p>', '鲶鱼', '公告', '1', '1', '2021-02-05 08:52:55');
INSERT INTO `f_rotation_img` VALUES ('6', '你以为钓鱼是休闲？其实远比你想象的累', 'http://127.0.0.1:8888/public/images/1612690790327.jpeg', '你以为钓鱼是休闲？其实远比你想象的累\r\n', '<p class=\"ql-align-justify\">	随着人们的生活压力越来越大，各种解压方式层出\r\n不穷，但是对于<a href=\"http://www.diaoyur.com/\" rel=\"noopener noreferrer\" ta\r\nrget=\"_blank\" style=\"color: rgb(0, 153, 0); background-color: transparent;\">\r\n钓鱼人</a>来说，只有坐在河边最过瘾，不仅能放松心情，还能缓解各种压力，是一种户外\r\n休闲方式，但是你以为是休闲，其实远比你想象的累！</p><p class=\"ql-align-justify\r\n\">	</p><p class=\"ql-align-justify\">	一、腰酸腿疼、有些钓位距离路边比较远，这\r\n就需要吭哧吭哧，扛着东西走到水边，台钓的东西很多，到了水边即使冬季也容易出汗，夏\r\n季更是汗流浃背，并且坐在<a href=\"http://www.diaoyur.com/baike/18033.html\" rel=\r\n\"noopener noreferrer\" target=\"_blank\" style=\"color: rgb(0, 153, 0); backgro\r\nund-color: transparent;\">钓椅</a>或者<a href=\"http://www.diaoyur.com/baike/176\r\n85.html\" rel=\"noopener noreferrer\" target=\"_blank\" style=\"color: rgb(0, 15\r\n3, 0); background-color: transparent;\">钓箱</a>上钓一天鱼，更是累的腰酸腿疼。</\r\np><p class=\"ql-align-justify\">	二、手臂拉伤、不知道大家有没有经历过，用长竿钓\r\n鱼，频繁地抛投提竿，有时候手滑，很容易手臂拉伤！有时候<a href=\"http://www.diaoy\r\nur.com/baike/17704.html\" rel=\"noopener noreferrer\" target=\"_blank\" style=\"\r\ncolor: rgb(0, 153, 0); background-color: transparent;\">鱼情</a>好，不停地上鱼，\r\n也容易手臂拉伤，当时没感觉，到了第2天甚至手臂都抬不起来！</p><p class=\"ql-align\r\n-justify\">	</p><p class=\"ql-align-justify\">	三、忍饥挨饿、不知道大家有没有\r\n发现，<a href=\"http://www.diaoyur.com/\" rel=\"noopener noreferrer\" target=\"_\r\nblank\" style=\"color: rgb(0, 153, 0); background-color: transparent;\">钓鱼人</\r\na>都不饿！因为大多数中午都不吃饭，甚至早上到达河边的时间很早，早饭都没来得及吃，\r\n一天不吃饭也能坐在河边一整天，忍受饥饿的程度令人咂舌。</p><p class=\"ql-align-ju\r\nstify\">	四、风吹雨打、不管烈日炎炎，不管寒风凛冽，不管暴雨如注，不管鹅毛大雪，\r\n河边总有钓鱼人在默默坚守！为了钓鱼忍受各种风吹雨打也不放弃，为了钓鱼太拼了，这种\r\n情况基本每位<a href=\"http://www.diaoyur.com/baike/17384.html\" rel=\"noopener n\r\noreferrer\" target=\"_blank\" style=\"color: rgb(0, 153, 0); background-color: t\r\nransparent;\">钓友</a>都经历过。</p><p><br></p>', '钓鱼', '公告', '1', '1', '2021-02-04 16:48:31');
INSERT INTO `f_rotation_img` VALUES ('8', '春天鱼不好钓？野钓客教你', 'http://127.0.0.1:8888/public/images/1612430305660.jpeg', '查干湖的财产', '<p class=\"ql-align-justify\">	查干湖冬捕由来已久，甚至可以追溯到辽金时期，那时候冬捕被称之为“渔猎”，不仅为古人提供新鲜的鱼类，也为渔民的重要收入来源，并且还是一项活动。但是到了近代，随着网络的兴起，更是为查干湖冬捕增添了一抹风景。</p><p class=\"ql-align-justify\">	随着科技的发展我们足不出户，就能欣赏到万人冬捕的场景，看着成千上万的鱼儿被渔网拖出水面，并且鱼类的个体都很大，场面十分震撼。但是也不禁质疑，查干湖里面怎么可能有这么多鱼？一网10几万斤，甚至几片网连在一起能捕捞到40万斤鱼？总的来说网友的质疑主要有3点：</p><p class=\"ql-align-justify\">	</p><p class=\"ql-align-justify\">	<strong>1、那么这么多鱼是哪里来的？</strong>这要从查干湖的面积说起，查干湖水域面积根据水位的高低有所不同，蓄水高程130米时，水面面积345平方公里，这么大的面积，确实能够满足大量鱼类生长。但是能否生长这么多鱼，并没有一个准确的说法！</p><p class=\"ql-align-justify\">	因为鱼类生长的水里，谁也不知道有多少鱼，等于说是灯下黑！搞过养殖的朋友都知道，鱼塘内究竟有多少鱼，虽然可以估计重量，但这是建立在放养的鱼苗规格一致，生长速度相差不大，才能估算。而查干湖这么大的面积，并且每年的鱼都不会捞干净，根本不知道有多少鱼。</p><p class=\"ql-align-justify\">	<strong>有网友说：</strong>我们平时河道内，根本没有鱼，即使有鱼也只是小<a href=\"http://www.diaoyur.com/baike/17877.html\" rel=\"noopener noreferrer\" target=\"_blank\" style=\"color: rgb(0, 153, 0); background-color: transparent;\">白条</a>、小鲫鱼，鲢鳙几乎绝种，但是查干湖内为什么有这么多鱼？并且这里的鱼不是一般的多，而是一网十几甚至几十万斤，不得不怀疑！</p><p class=\"ql-align-justify\">	</p><p class=\"ql-align-justify\">	<strong>有网友说：</strong>查干湖毕竟是自然保护区，滥捕滥捞应该很少，如果每年的鱼只有在冬季捕捞，并且控制渔网的大小，抓大留小，一次性捕捞这么多鱼并非没有可能。并且加上一点点的炒作，确实有一定的效果。</p><p class=\"ql-align-justify\">	<strong>2、鱼类的个体为什么这么大？</strong>不难发现查干湖的鱼类个体很大，在我们印象中，鱼类很难度过童年，一般来说野生的鱼类几斤重已经很大了，只是偶尔有条几十斤的大鱼，查干湖这么多大鱼聚集在一起确实罕见。</p><p class=\"ql-align-justify\">	但不知道大家有没有发现，捕捞上来的一般都是鲢鳙，鲢鳙为滤食性鱼类，主要靠水域内的浮游生物为食，如果水质很瘦，那么鲢鳙生长速度就很慢，如果水质很肥，那么鲢鳙一年生长2-3斤也不是问题，但问题是查干湖为自然保护区，水质肯定会控制，不可能水质很肥，那么鱼类生长速度也就比较慢，究竟几年能生长到10斤重，很难说！</p><p><br></p>', '查干湖、冬捕', '轮播', '1', '1', '2021-02-04 17:18:39');
INSERT INTO `f_rotation_img` VALUES ('9', '春季作钓应该选择什么样的钓位才不会空军呢？', 'http://127.0.0.1:8888/public/images/1612425454204.png', '春季作钓应该选择什么样的钓位才不会空军呢？', '<p class=\"ql-align-justify\">春季一个万物复苏的季节。由于鱼儿在经历了寒冬的休眠状态后，身体的在冬天也相对消耗过度。所以在春节活性就会相对有所提高，开始进行觅食来修补过度消耗的身体。春天也是一个气温相对舒适的季节，所以是钓鱼的好季节。</p><p class=\"ql-align-justify\">所谓:要想钓到鱼，<strong>三分靠技术，七分</strong><a href=\"http://www.diaoyur.com/a/diaoweixuanze.html\" rel=\"noopener noreferrer\" target=\"_blank\" style=\"background-color: transparent; color: rgb(0, 153, 0);\"><strong>选钓位</strong></a><strong>。</strong>就说明了<a href=\"http://www.diaoyur.com/a/diaoweixuanze.html\" rel=\"noopener noreferrer\" target=\"_blank\" style=\"background-color: transparent; color: rgb(0, 153, 0);\">选钓位</a>的重要性，那么哪些钓位适合春天作钓呢？下面看看我的分享:</p><p class=\"ql-align-justify\">sadasd</p><p class=\"ql-align-justify\">asd</p><p class=\"ql-align-justify\">asd</p><p class=\"ql-align-justify\">as</p><p class=\"ql-align-justify\">da</p><p class=\"ql-align-justify\">sd</p><p class=\"ql-align-justify\">asd</p><p class=\"ql-align-justify\">as</p><p class=\"ql-align-justify\">da</p><p class=\"ql-align-justify\">sd</p><p class=\"ql-align-justify\">asd</p><p class=\"ql-align-justify\"><br></p>', '春钓', '公告', '1', '1', '2021-02-04 16:21:56');
INSERT INTO `f_rotation_img` VALUES ('10', '到了冬天，饵料按我说的用，中鱼率提升', 'http://127.0.0.1:8888/public/images/1612690790327.jpeg', '鲶鲤大杀手 最后终于上一条，还是圆了心愿', '<p class=\"ql-align-justify\">	有些人从出生的那一刻，就是含着“金钥匙”来的，他的一生注定了大富大贵，根本不需要自己努力也可以过得很好。而有些人就不一样了，他们出生在很普通的家庭，自己的人生得靠自己打拼！</p><p class=\"ql-align-justify\">	</p><p class=\"ql-align-justify\">	墨茶动态截图</p><p class=\"ql-align-justify\">	如果想过得好，就得比富人要付出很多倍的努力，才有可能过得像点样子！就比如说，这几天“过气”的up主墨茶！这里说他过气，并不是现在不红，而是在他在的时候，根本没有人知道他！</p><p class=\"ql-align-justify\">	而等他已经去另外一个世界的时候，人们才知道他！从他的身上，让我们普通人看到了很多，也有很多的地方值得学习！比如他的出身还有自己的经历，还有一些默默帮助他的人！总之，他并没有因为自己的身世，没有自己的痛苦去博得人们的同情，依然靠自己的双手，努力着！</p><p class=\"ql-align-justify\">	</p><p class=\"ql-align-justify\">	虽然这件事情，到现在也没有被证实真假！本人真希望这是假的，因为这样的人值得尊敬！之前我在写这篇文章的时候，有朋友说这是卖惨，不要相信！本人希望被骗，不希望这件事是真的！</p><p class=\"ql-align-justify\">	从一开始我看到以后，内心都是酸酸的，一个大老爷们，看到这样的事情。内心都觉得难受，可以看得出来底层作者的“通病”。所以我说，从墨茶的这件事情，折射出来钓鱼领域底层作者与其“同病相怜”。</p><p><br></p>', '鲶鱼', '公告', '1', '1', '2021-02-05 08:52:55');
INSERT INTO `f_rotation_img` VALUES ('11', '当水中霸主黑鱼，遇到水老虎鱤鱼', 'http://127.0.0.1:8888/public/images/1612662291658.jpeg', '你以为钓鱼是休闲？其实远比你想象的累\r\n', '<p class=\"ql-align-justify\">	随着人们的生活压力越来越大，各种解压方式层出\r\n不穷，但是对于<a href=\"http://www.diaoyur.com/\" rel=\"noopener noreferrer\" ta\r\nrget=\"_blank\" style=\"color: rgb(0, 153, 0); background-color: transparent;\">\r\n钓鱼人</a>来说，只有坐在河边最过瘾，不仅能放松心情，还能缓解各种压力，是一种户外\r\n休闲方式，但是你以为是休闲，其实远比你想象的累！</p><p class=\"ql-align-justify\r\n\">	</p><p class=\"ql-align-justify\">	一、腰酸腿疼、有些钓位距离路边比较远，这\r\n就需要吭哧吭哧，扛着东西走到水边，台钓的东西很多，到了水边即使冬季也容易出汗，夏\r\n季更是汗流浃背，并且坐在<a href=\"http://www.diaoyur.com/baike/18033.html\" rel=\r\n\"noopener noreferrer\" target=\"_blank\" style=\"color: rgb(0, 153, 0); backgro\r\nund-color: transparent;\">钓椅</a>或者<a href=\"http://www.diaoyur.com/baike/176\r\n85.html\" rel=\"noopener noreferrer\" target=\"_blank\" style=\"color: rgb(0, 15\r\n3, 0); background-color: transparent;\">钓箱</a>上钓一天鱼，更是累的腰酸腿疼。</\r\np><p class=\"ql-align-justify\">	二、手臂拉伤、不知道大家有没有经历过，用长竿钓\r\n鱼，频繁地抛投提竿，有时候手滑，很容易手臂拉伤！有时候<a href=\"http://www.diaoy\r\nur.com/baike/17704.html\" rel=\"noopener noreferrer\" target=\"_blank\" style=\"\r\ncolor: rgb(0, 153, 0); background-color: transparent;\">鱼情</a>好，不停地上鱼，\r\n也容易手臂拉伤，当时没感觉，到了第2天甚至手臂都抬不起来！</p><p class=\"ql-align\r\n-justify\">	</p><p class=\"ql-align-justify\">	三、忍饥挨饿、不知道大家有没有\r\n发现，<a href=\"http://www.diaoyur.com/\" rel=\"noopener noreferrer\" target=\"_\r\nblank\" style=\"color: rgb(0, 153, 0); background-color: transparent;\">钓鱼人</\r\na>都不饿！因为大多数中午都不吃饭，甚至早上到达河边的时间很早，早饭都没来得及吃，\r\n一天不吃饭也能坐在河边一整天，忍受饥饿的程度令人咂舌。</p><p class=\"ql-align-ju\r\nstify\">	四、风吹雨打、不管烈日炎炎，不管寒风凛冽，不管暴雨如注，不管鹅毛大雪，\r\n河边总有钓鱼人在默默坚守！为了钓鱼忍受各种风吹雨打也不放弃，为了钓鱼太拼了，这种\r\n情况基本每位<a href=\"http://www.diaoyur.com/baike/17384.html\" rel=\"noopener n\r\noreferrer\" target=\"_blank\" style=\"color: rgb(0, 153, 0); background-color: t\r\nransparent;\">钓友</a>都经历过。</p><p><br></p>', '钓鱼', '公告', '1', '1', '2021-02-04 16:48:31');
INSERT INTO `f_rotation_img` VALUES ('12', '春季作钓应该选择什么样的钓位才不会空军呢？', 'http://127.0.0.1:8888/public/images/1612425454204.png', '春季作钓应该选择什么样的钓位才不会空军呢？', '<p class=\"ql-align-justify\">春季一个万物复苏的季节。由于鱼儿在经历了寒冬的休眠状态后，身体的在冬天也相对消耗过度。所以在春节活性就会相对有所提高，开始进行觅食来修补过度消耗的身体。春天也是一个气温相对舒适的季节，所以是钓鱼的好季节。</p><p class=\"ql-align-justify\">所谓:要想钓到鱼，<strong>三分靠技术，七分</strong><a href=\"http://www.diaoyur.com/a/diaoweixuanze.html\" rel=\"noopener noreferrer\" target=\"_blank\" style=\"background-color: transparent; color: rgb(0, 153, 0);\"><strong>选钓位</strong></a><strong>。</strong>就说明了<a href=\"http://www.diaoyur.com/a/diaoweixuanze.html\" rel=\"noopener noreferrer\" target=\"_blank\" style=\"background-color: transparent; color: rgb(0, 153, 0);\">选钓位</a>的重要性，那么哪些钓位适合春天作钓呢？下面看看我的分享:</p><p class=\"ql-align-justify\">sadasd</p><p class=\"ql-align-justify\">asd</p><p class=\"ql-align-justify\">asd</p><p class=\"ql-align-justify\">as</p><p class=\"ql-align-justify\">da</p><p class=\"ql-align-justify\">sd</p><p class=\"ql-align-justify\">asd</p><p class=\"ql-align-justify\">as</p><p class=\"ql-align-justify\">da</p><p class=\"ql-align-justify\">sd</p><p class=\"ql-align-justify\">asd</p><p class=\"ql-align-justify\"><br></p>', '春钓', '公告', '1', '1', '2021-02-04 16:21:56');
INSERT INTO `f_rotation_img` VALUES ('13', '不知道用七星漂还是立漂，看完这篇就知道了', 'http://127.0.0.1:8888/public/images/1612427365114.jpeg', '鲶鲤大杀手 最后终于上一条，还是圆了心愿', '<p class=\"ql-align-justify\">	有些人从出生的那一刻，就是含着“金钥匙”来的，他的一生注定了大富大贵，根本不需要自己努力也可以过得很好。而有些人就不一样了，他们出生在很普通的家庭，自己的人生得靠自己打拼！</p><p class=\"ql-align-justify\">	</p><p class=\"ql-align-justify\">	墨茶动态截图</p><p class=\"ql-align-justify\">	如果想过得好，就得比富人要付出很多倍的努力，才有可能过得像点样子！就比如说，这几天“过气”的up主墨茶！这里说他过气，并不是现在不红，而是在他在的时候，根本没有人知道他！</p><p class=\"ql-align-justify\">	而等他已经去另外一个世界的时候，人们才知道他！从他的身上，让我们普通人看到了很多，也有很多的地方值得学习！比如他的出身还有自己的经历，还有一些默默帮助他的人！总之，他并没有因为自己的身世，没有自己的痛苦去博得人们的同情，依然靠自己的双手，努力着！</p><p class=\"ql-align-justify\">	</p><p class=\"ql-align-justify\">	虽然这件事情，到现在也没有被证实真假！本人真希望这是假的，因为这样的人值得尊敬！之前我在写这篇文章的时候，有朋友说这是卖惨，不要相信！本人希望被骗，不希望这件事是真的！</p><p class=\"ql-align-justify\">	从一开始我看到以后，内心都是酸酸的，一个大老爷们，看到这样的事情。内心都觉得难受，可以看得出来底层作者的“通病”。所以我说，从墨茶的这件事情，折射出来钓鱼领域底层作者与其“同病相怜”。</p><p><br></p>', '鲶鱼', '公告', '1', '1', '2021-02-05 08:52:55');
INSERT INTO `f_rotation_img` VALUES ('14', '浅谈鱼线颜色对渔获影响，会导致惊...', 'http://127.0.0.1:8888/public/images/1612430305660.jpeg', '你以为钓鱼是休闲？其实远比你想象的累\r\n', '<p class=\"ql-align-justify\">	随着人们的生活压力越来越大，各种解压方式层出\r\n不穷，但是对于<a href=\"http://www.diaoyur.com/\" rel=\"noopener noreferrer\" ta\r\nrget=\"_blank\" style=\"color: rgb(0, 153, 0); background-color: transparent;\">\r\n钓鱼人</a>来说，只有坐在河边最过瘾，不仅能放松心情，还能缓解各种压力，是一种户外\r\n休闲方式，但是你以为是休闲，其实远比你想象的累！</p><p class=\"ql-align-justify\r\n\">	</p><p class=\"ql-align-justify\">	一、腰酸腿疼、有些钓位距离路边比较远，这\r\n就需要吭哧吭哧，扛着东西走到水边，台钓的东西很多，到了水边即使冬季也容易出汗，夏\r\n季更是汗流浃背，并且坐在<a href=\"http://www.diaoyur.com/baike/18033.html\" rel=\r\n\"noopener noreferrer\" target=\"_blank\" style=\"color: rgb(0, 153, 0); backgro\r\nund-color: transparent;\">钓椅</a>或者<a href=\"http://www.diaoyur.com/baike/176\r\n85.html\" rel=\"noopener noreferrer\" target=\"_blank\" style=\"color: rgb(0, 15\r\n3, 0); background-color: transparent;\">钓箱</a>上钓一天鱼，更是累的腰酸腿疼。</\r\np><p class=\"ql-align-justify\">	二、手臂拉伤、不知道大家有没有经历过，用长竿钓\r\n鱼，频繁地抛投提竿，有时候手滑，很容易手臂拉伤！有时候<a href=\"http://www.diaoy\r\nur.com/baike/17704.html\" rel=\"noopener noreferrer\" target=\"_blank\" style=\"\r\ncolor: rgb(0, 153, 0); background-color: transparent;\">鱼情</a>好，不停地上鱼，\r\n也容易手臂拉伤，当时没感觉，到了第2天甚至手臂都抬不起来！</p><p class=\"ql-align\r\n-justify\">	</p><p class=\"ql-align-justify\">	三、忍饥挨饿、不知道大家有没有\r\n发现，<a href=\"http://www.diaoyur.com/\" rel=\"noopener noreferrer\" target=\"_\r\nblank\" style=\"color: rgb(0, 153, 0); background-color: transparent;\">钓鱼人</\r\na>都不饿！因为大多数中午都不吃饭，甚至早上到达河边的时间很早，早饭都没来得及吃，\r\n一天不吃饭也能坐在河边一整天，忍受饥饿的程度令人咂舌。</p><p class=\"ql-align-ju\r\nstify\">	四、风吹雨打、不管烈日炎炎，不管寒风凛冽，不管暴雨如注，不管鹅毛大雪，\r\n河边总有钓鱼人在默默坚守！为了钓鱼忍受各种风吹雨打也不放弃，为了钓鱼太拼了，这种\r\n情况基本每位<a href=\"http://www.diaoyur.com/baike/17384.html\" rel=\"noopener n\r\noreferrer\" target=\"_blank\" style=\"color: rgb(0, 153, 0); background-color: t\r\nransparent;\">钓友</a>都经历过。</p><p><br></p>', '钓鱼', '公告', '1', '1', '2021-02-04 16:48:31');
INSERT INTO `f_rotation_img` VALUES ('15', '春季作钓应该选择什么样的钓位才不会空军呢？', 'http://127.0.0.1:8888/public/images/1612425454204.png', '春季作钓应该选择什么样的钓位才不会空军呢？', '<p class=\"ql-align-justify\">春季一个万物复苏的季节。由于鱼儿在经历了寒冬的休眠状态后，身体的在冬天也相对消耗过度。所以在春节活性就会相对有所提高，开始进行觅食来修补过度消耗的身体。春天也是一个气温相对舒适的季节，所以是钓鱼的好季节。</p><p class=\"ql-align-justify\">所谓:要想钓到鱼，<strong>三分靠技术，七分</strong><a href=\"http://www.diaoyur.com/a/diaoweixuanze.html\" rel=\"noopener noreferrer\" target=\"_blank\" style=\"background-color: transparent; color: rgb(0, 153, 0);\"><strong>选钓位</strong></a><strong>。</strong>就说明了<a href=\"http://www.diaoyur.com/a/diaoweixuanze.html\" rel=\"noopener noreferrer\" target=\"_blank\" style=\"background-color: transparent; color: rgb(0, 153, 0);\">选钓位</a>的重要性，那么哪些钓位适合春天作钓呢？下面看看我的分享:</p><p class=\"ql-align-justify\">sadasd</p><p class=\"ql-align-justify\">asd</p><p class=\"ql-align-justify\">asd</p><p class=\"ql-align-justify\">as</p><p class=\"ql-align-justify\">da</p><p class=\"ql-align-justify\">sd</p><p class=\"ql-align-justify\">asd</p><p class=\"ql-align-justify\">as</p><p class=\"ql-align-justify\">da</p><p class=\"ql-align-justify\">sd</p><p class=\"ql-align-justify\">asd</p><p class=\"ql-align-justify\"><br></p>', '春钓', '轮播', '1', '1', '2021-02-04 16:21:56');
INSERT INTO `f_rotation_img` VALUES ('16', '窗口期是什么意思？野钓客教你！', 'http://127.0.0.1:8888/public/images/1612690790327.jpeg', '鲶鲤大杀手 最后终于上一条，还是圆了心愿', '<p class=\"ql-align-justify\">	有些人从出生的那一刻，就是含着“金钥匙”来的，他的一生注定了大富大贵，根本不需要自己努力也可以过得很好。而有些人就不一样了，他们出生在很普通的家庭，自己的人生得靠自己打拼！</p><p class=\"ql-align-justify\">	</p><p class=\"ql-align-justify\">	墨茶动态截图</p><p class=\"ql-align-justify\">	如果想过得好，就得比富人要付出很多倍的努力，才有可能过得像点样子！就比如说，这几天“过气”的up主墨茶！这里说他过气，并不是现在不红，而是在他在的时候，根本没有人知道他！</p><p class=\"ql-align-justify\">	而等他已经去另外一个世界的时候，人们才知道他！从他的身上，让我们普通人看到了很多，也有很多的地方值得学习！比如他的出身还有自己的经历，还有一些默默帮助他的人！总之，他并没有因为自己的身世，没有自己的痛苦去博得人们的同情，依然靠自己的双手，努力着！</p><p class=\"ql-align-justify\">	</p><p class=\"ql-align-justify\">	虽然这件事情，到现在也没有被证实真假！本人真希望这是假的，因为这样的人值得尊敬！之前我在写这篇文章的时候，有朋友说这是卖惨，不要相信！本人希望被骗，不希望这件事是真的！</p><p class=\"ql-align-justify\">	从一开始我看到以后，内心都是酸酸的，一个大老爷们，看到这样的事情。内心都觉得难受，可以看得出来底层作者的“通病”。所以我说，从墨茶的这件事情，折射出来钓鱼领域底层作者与其“同病相怜”。</p><p><br></p>', '鲶鱼', '轮播', '1', '1', '2021-02-05 08:52:55');
INSERT INTO `f_rotation_img` VALUES ('17', '有这么傻的老婆，这位钓友真是好福气', 'http://127.0.\r\n0.1:8888/public/images/1612427755440.jpeg', '你以为钓鱼是休闲？其实远比你想象的累\r\n', '<p class=\"ql-align-justify\">	随着人们的生活压力越来越大，各种解压方式层出\r\n不穷，但是对于<a href=\"http://www.diaoyur.com/\" rel=\"noopener noreferrer\" ta\r\nrget=\"_blank\" style=\"color: rgb(0, 153, 0); background-color: transparent;\">\r\n钓鱼人</a>来说，只有坐在河边最过瘾，不仅能放松心情，还能缓解各种压力，是一种户外\r\n休闲方式，但是你以为是休闲，其实远比你想象的累！</p><p class=\"ql-align-justify\r\n\">	</p><p class=\"ql-align-justify\">	一、腰酸腿疼、有些钓位距离路边比较远，这\r\n就需要吭哧吭哧，扛着东西走到水边，台钓的东西很多，到了水边即使冬季也容易出汗，夏\r\n季更是汗流浃背，并且坐在<a href=\"http://www.diaoyur.com/baike/18033.html\" rel=\r\n\"noopener noreferrer\" target=\"_blank\" style=\"color: rgb(0, 153, 0); backgro\r\nund-color: transparent;\">钓椅</a>或者<a href=\"http://www.diaoyur.com/baike/176\r\n85.html\" rel=\"noopener noreferrer\" target=\"_blank\" style=\"color: rgb(0, 15\r\n3, 0); background-color: transparent;\">钓箱</a>上钓一天鱼，更是累的腰酸腿疼。</\r\np><p class=\"ql-align-justify\">	二、手臂拉伤、不知道大家有没有经历过，用长竿钓\r\n鱼，频繁地抛投提竿，有时候手滑，很容易手臂拉伤！有时候<a href=\"http://www.diaoy\r\nur.com/baike/17704.html\" rel=\"noopener noreferrer\" target=\"_blank\" style=\"\r\ncolor: rgb(0, 153, 0); background-color: transparent;\">鱼情</a>好，不停地上鱼，\r\n也容易手臂拉伤，当时没感觉，到了第2天甚至手臂都抬不起来！</p><p class=\"ql-align\r\n-justify\">	</p><p class=\"ql-align-justify\">	三、忍饥挨饿、不知道大家有没有\r\n发现，<a href=\"http://www.diaoyur.com/\" rel=\"noopener noreferrer\" target=\"_\r\nblank\" style=\"color: rgb(0, 153, 0); background-color: transparent;\">钓鱼人</\r\na>都不饿！因为大多数中午都不吃饭，甚至早上到达河边的时间很早，早饭都没来得及吃，\r\n一天不吃饭也能坐在河边一整天，忍受饥饿的程度令人咂舌。</p><p class=\"ql-align-ju\r\nstify\">	四、风吹雨打、不管烈日炎炎，不管寒风凛冽，不管暴雨如注，不管鹅毛大雪，\r\n河边总有钓鱼人在默默坚守！为了钓鱼忍受各种风吹雨打也不放弃，为了钓鱼太拼了，这种\r\n情况基本每位<a href=\"http://www.diaoyur.com/baike/17384.html\" rel=\"noopener n\r\noreferrer\" target=\"_blank\" style=\"color: rgb(0, 153, 0); background-color: t\r\nransparent;\">钓友</a>都经历过。</p><p><br></p>', '钓鱼', '轮播', '1', '1', '2021-02-04 16:48:31');

-- ----------------------------
-- Table structure for f_user
-- ----------------------------
DROP TABLE IF EXISTS `f_user`;
CREATE TABLE `f_user` (
  `id` int(11) NOT NULL AUTO_INCREMENT,
  `user_name` varchar(255) NOT NULL,
  `pass_word` varchar(255) NOT NULL,
  `name` varchar(255) NOT NULL,
  `permission` int(11) NOT NULL DEFAULT '1',
  `introduce` varchar(255) DEFAULT NULL,
  `img_url` varchar(255) DEFAULT NULL,
  `ct` timestamp NULL DEFAULT NULL ON UPDATE CURRENT_TIMESTAMP,
  PRIMARY KEY (`id`)
) ENGINE=InnoDB AUTO_INCREMENT=5 DEFAULT CHARSET=utf8mb4;

-- ----------------------------
-- Records of f_user
-- ----------------------------
INSERT INTO `f_user` VALUES ('1', 'admin', '21232f297a57a5a743894a0e4a801fc3', '超管111', '3', '超级管理员', 'http://127.0.0.1:8888/public/images/1612754831488.jpeg', '2021-02-09 17:22:05');
INSERT INTO `f_user` VALUES ('4', 'admin1', 'e00cf25ad42683b3df678c61f42c6bda', 'admin1', '2', 'admin1', 'http://localhost:8888/public/images/user1.jpg', '2021-02-07 10:11:46');
